source_family,period,title,source_url,index_url,index_page
nbs_cpi,2021-08,2021年8月份居民消费价格同比上涨0.8%环比上涨0.1%,https://www.stats.gov.cn/sj/zxfb/202302/t20230203_1901211.html,https://www.stats.gov.cn/sj/zxfb/index_66.html,67
nbs_cpi,2021-09,2021年9月份居民消费价格同比上涨0.7%环比持平,https://www.stats.gov.cn/sj/zxfb/202302/t20230203_1901237.html,https://www.stats.gov.cn/sj/zxfb/index_65.html,66
nbs_cpi,2021-10,2021年10月份居民消费价格同比上涨1.5%环比上涨0.7%,https://www.stats.gov.cn/sj/zxfb/202302/t20230203_1901272.html,https://www.stats.gov.cn/sj/zxfb/index_63.html,64
nbs_cpi,2021-11,2021年11月份居民消费价格同比上涨2.3%环比上涨0.4%,https://www.stats.gov.cn/sj/zxfb/202302/t20230203_1901296.html,https://www.stats.gov.cn/sj/zxfb/index_62.html,63
nbs_cpi,2021-12,2021年12月份居民消费价格同比上涨1.5%环比下降0.3%,https://www.stats.gov.cn/sj/zxfb/202302/t20230203_1901328.html,https://www.stats.gov.cn/sj/zxfb/index_61.html,62
nbs_cpi,2022-01,2022年1月份居民消费价格同比上涨0.9%环比上涨0.4%,https://www.stats.gov.cn/sj/zxfb/202302/t20230203_1901367.html,https://www.stats.gov.cn/sj/zxfb/index_60.html,61
nbs_cpi,2022-02,2022年2月份居民消费价格同比上涨0.9%环比上涨0.6%,https://www.stats.gov.cn/sj/zxfb/202302/t20230203_1901398.html,https://www.stats.gov.cn/sj/zxfb/index_59.html,60
nbs_cpi,2022-03,2022年3月份居民消费价格同比上涨1.5%环比持平,https://www.stats.gov.cn/sj/zxfb/202302/t20230203_1901421.html,https://www.stats.gov.cn/sj/zxfb/index_58.html,59
nbs_cpi,2022-04,2022年4月份居民消费价格同比上涨2.1%环比上涨0.4%,https://www.stats.gov.cn/sj/zxfb/202302/t20230203_1901456.html,https://www.stats.gov.cn/sj/zxfb/index_57.html,58
nbs_cpi,2022-05,2022年5月份居民消费价格同比上涨2.1%环比下降0.2%,https://www.stats.gov.cn/sj/zxfb/202302/t20230203_1901482.html,https://www.stats.gov.cn/sj/zxfb/index_56.html,57
nbs_cpi,2022-06,2022年6月份居民消费价格同比上涨2.5%环比持平,https://www.stats.gov.cn/sj/zxfb/202302/t20230203_1901504.html,https://www.stats.gov.cn/sj/zxfb/index_55.html,56
nbs_cpi,2022-07,2022年7月份居民消费价格同比上涨2.7%环比上涨0.5%,https://www.stats.gov.cn/sj/zxfb/202302/t20230203_1901542.html,https://www.stats.gov.cn/sj/zxfb/index_54.html,55
nbs_cpi,2022-08,2022年8月份居民消费价格同比上涨2.5%环比下降0.1%,https://www.stats.gov.cn/sj/zxfb/202302/t20230203_1901570.html,https://www.stats.gov.cn/sj/zxfb/index_52.html,53
nbs_cpi,2022-09,2022年9月份居民消费价格同比上涨2.8%环比上涨0.3%,https://www.stats.gov.cn/sj/zxfb/202302/t20230203_1901613.html,https://www.stats.gov.cn/sj/zxfb/index_51.html,52
nbs_cpi,2022-10,2022年10月份居民消费价格同比上涨2.1%环比上涨0.1%,https://www.stats.gov.cn/sj/zxfb/202302/t20230203_1901647.html,https://www.stats.gov.cn/sj/zxfb/index_50.html,51
nbs_cpi,2022-11,2022年11月份居民消费价格同比上涨1.6%环比下降0.2%,https://www.stats.gov.cn/sj/zxfb/202302/t20230203_1901670.html,https://www.stats.gov.cn/sj/zxfb/index_49.html,50
nbs_cpi,2022-12,2022年12月份居民消费价格同比上涨1.8%环比持平,https://www.stats.gov.cn/sj/zxfb/202302/t20230203_1901703.html,https://www.stats.gov.cn/sj/zxfb/index_48.html,49
nbs_cpi,2023-01,2023年1月份居民消费价格同比上涨2.1%环比上涨0.8%,https://www.stats.gov.cn/sj/zxfb/202302/t20230220_1913661.html,https://www.stats.gov.cn/sj/zxfb/index_47.html,48
nbs_cpi,2023-02,2023年2月份居民消费价格同比上涨1.0%环比下降0.5%,https://www.stats.gov.cn/sj/zxfb/202303/t20230309_1936952.html,https://www.stats.gov.cn/sj/zxfb/index_46.html,47
nbs_cpi,2023-03,2023年3月份居民消费价格同比上涨0.7%环比下降0.3%,https://www.stats.gov.cn/sj/zxfb/202304/t20230411_1938507.html,https://www.stats.gov.cn/sj/zxfb/index_45.html,46
nbs_cpi,2023-04,2023年4月份居民消费价格同比上涨0.1%环比下降0.1%,https://www.stats.gov.cn/sj/zxfb/202305/t20230511_1939347.html,https://www.stats.gov.cn/sj/zxfb/index_43.html,44
nbs_cpi,2023-05,2023年5月份居民消费价格同比上涨0.2%环比下降0.2%,https://www.stats.gov.cn/sj/zxfb/202306/t20230609_1940479.html,https://www.stats.gov.cn/sj/zxfb/index_43.html,44
nbs_cpi,2023-06,2023年6月份居民消费价格同比持平环比下降0.2%,https://www.stats.gov.cn/sj/zxfb/202307/t20230710_1941147.html,https://www.stats.gov.cn/sj/zxfb/index_42.html,43
nbs_cpi,2023-07,2023年7月份居民消费价格同比下降0.3%环比上涨0.2%,https://www.stats.gov.cn/sj/zxfb/202308/t20230809_1941863.html,https://www.stats.gov.cn/sj/zxfb/index_40.html,41
nbs_cpi,2023-08,2023年8月份居民消费价格同比上涨0.1%环比上涨0.3%,https://www.stats.gov.cn/sj/zxfb/202309/t20230909_1942695.html,https://www.stats.gov.cn/sj/zxfb/index_39.html,40
nbs_cpi,2023-09,2023年9月份居民消费价格同比持平环比上涨0.2%,https://www.stats.gov.cn/sj/zxfb/202310/t20231013_1943548.html,https://www.stats.gov.cn/sj/zxfb/index_38.html,39
nbs_cpi,2023-10,2023年10月份居民消费价格同比下降0.2%环比下降0.1%,https://www.stats.gov.cn/sj/zxfb/202311/t20231109_1944382.html,https://www.stats.gov.cn/sj/zxfb/index_37.html,38
nbs_cpi,2023-11,2023年11月份居民消费价格同比下降0.5%环比下降0.5%,https://www.stats.gov.cn/sj/zxfb/202312/t20231209_1945394.html,https://www.stats.gov.cn/sj/zxfb/index_36.html,37
nbs_cpi,2023-12,2023年12月份居民消费价格同比下降0.3%环比上涨0.1%,https://www.stats.gov.cn/sj/zxfb/202401/t20240112_1946465.html,https://www.stats.gov.cn/sj/zxfb/index_34.html,35
nbs_cpi,2024-01,2024年1月份居民消费价格环比上涨0.3%,https://www.stats.gov.cn/sj/zxfb/202402/t20240208_1947623.html,https://www.stats.gov.cn/sj/zxfb/index_33.html,34
nbs_cpi,2024-02,2024年2月份居民消费价格同比上涨0.7%环比上涨1.0%,https://www.stats.gov.cn/sj/zxfb/202403/t20240321_1948077.html,https://www.stats.gov.cn/sj/zxfb/index_32.html,33
nbs_cpi,2024-03,2024年3月份居民消费价格同比上涨0.1%,https://www.stats.gov.cn/sj/zxfb/202404/t20240411_1948448.html,https://www.stats.gov.cn/sj/zxfb/index_31.html,32
nbs_cpi,2024-04,2024年4月份居民消费价格同比上涨0.3%,https://www.stats.gov.cn/sj/zxfb/202405/t20240511_1950302.html,https://www.stats.gov.cn/sj/zxfb/index_30.html,31
nbs_cpi,2024-05,2024年5月份居民消费价格同比上涨0.3%,https://www.stats.gov.cn/sj/zxfb/202406/t20240612_1954519.html,https://www.stats.gov.cn/sj/zxfb/index_29.html,30
nbs_cpi,2024-06,2024年6月份居民消费价格同比上涨0.2%,https://www.stats.gov.cn/sj/zxfb/202407/t20240710_1955508.html,https://www.stats.gov.cn/sj/zxfb/index_28.html,29
nbs_cpi,2024-07,2024年7月份居民消费价格上涨0.5%,https://www.stats.gov.cn/sj/zxfb/202408/t20240809_1955948.html,https://www.stats.gov.cn/sj/zxfb/index_27.html,28
nbs_cpi,2024-08,2024年8月份居民消费价格同比上涨0.6%,https://www.stats.gov.cn/sj/zxfb/202409/t20240909_1956311.html,https://www.stats.gov.cn/sj/zxfb/index_26.html,27
nbs_cpi,2024-09,2024年9月份居民消费价格同比上涨0.4%,https://www.stats.gov.cn/sj/zxfb/202410/t20241013_1956899.html,https://www.stats.gov.cn/sj/zxfb/index_25.html,26
nbs_cpi,2024-10,2024年10月份居民消费价格同比上涨0.3%,https://www.stats.gov.cn/sj/zxfb/202411/t20241109_1957353.html,https://www.stats.gov.cn/sj/zxfb/index_23.html,24
nbs_cpi,2024-11,2024年11月份居民消费价格同比上涨0.2%,https://www.stats.gov.cn/sj/zxfb/202412/t20241209_1957689.html,https://www.stats.gov.cn/sj/zxfb/index_22.html,23
nbs_cpi,2024-12,2024年12月份居民消费价格同比上涨0.1%,https://www.stats.gov.cn/sj/zxfb/202501/t20250109_1958170.html,https://www.stats.gov.cn/sj/zxfb/index_20.html,21
nbs_cpi,2025-01,2025年1月份居民消费价格同比上涨0.5%,https://www.stats.gov.cn/sj/zxfb/202502/t20250209_1958646.html,https://www.stats.gov.cn/sj/zxfb/index_19.html,20
nbs_cpi,2025-02,2025年2月份居民消费价格同比下降0.7%,https://www.stats.gov.cn/sj/zxfb/202503/t20250309_1958915.html,https://www.stats.gov.cn/sj/zxfb/index_18.html,19
nbs_cpi,2025-03,2025年3月份居民消费价格同比下降0.1%,https://www.stats.gov.cn/sj/zxfb/202504/t20250410_1959261.html,https://www.stats.gov.cn/sj/zxfb/index_17.html,18
nbs_cpi,2025-04,2025年4月份居民消费价格同比下降0.1%,https://www.stats.gov.cn/sj/zxfb/202505/t20250510_1959771.html,https://www.stats.gov.cn/sj/zxfb/index_16.html,17
nbs_cpi,2025-05,2025年5月份居民消费价格同比下降0.1%,https://www.stats.gov.cn/sj/zxfb/202506/t20250609_1960094.html,https://www.stats.gov.cn/sj/zxfb/index_15.html,16
nbs_cpi,2025-06,2025年6月份居民消费价格同比上涨0.1%,https://www.stats.gov.cn/sj/zxfb/202507/t20250709_1960370.html,https://www.stats.gov.cn/sj/zxfb/index_14.html,15
nbs_cpi,2025-07,2025年7月份居民消费价格同比持平,https://www.stats.gov.cn/sj/zxfb/202508/t20250809_1960635.html,https://www.stats.gov.cn/sj/zxfb/index_13.html,14
nbs_cpi,2025-08,2025年8月份居民消费价格同比下降0.4%环比持平,https://www.stats.gov.cn/sj/zxfb/202509/t20250910_1961112.html,https://www.stats.gov.cn/sj/zxfb/index_12.html,13
nbs_cpi,2025-09,2025年9月份居民消费价格同比下降0.3%环比上涨0.1%,https://www.stats.gov.cn/sj/zxfb/202510/t20251015_1961521.html,https://www.stats.gov.cn/sj/zxfb/index_11.html,12
nbs_cpi,2025-10,2025年10月份居民消费价格同比上涨0.2%,https://www.stats.gov.cn/sj/zxfb/202511/t20251109_1961826.html,https://www.stats.gov.cn/sj/zxfb/index_10.html,11
nbs_cpi,2025-11,2025年11月份居民消费价格同比上涨0.7%,https://www.stats.gov.cn/sj/zxfb/202512/t20251210_1962015.html,https://www.stats.gov.cn/sj/zxfb/index_9.html,10
nbs_cpi,2025-12,2025年12月份居民消费价格同比上涨0.8%,https://www.stats.gov.cn/sj/zxfb/202601/t20260109_1962273.html,https://www.stats.gov.cn/sj/zxfb/index_7.html,8
nbs_pmi,2021-08,2021年8月中国采购经理指数运行情况,https://www.stats.gov.cn/sj/zxfb/202302/t20230203_1901208.html,https://www.stats.gov.cn/sj/zxfb/index_66.html,67
nbs_pmi,2021-09,2021年9月中国采购经理指数运行情况,https://www.stats.gov.cn/sj/zxfb/202302/t20230203_1901233.html,https://www.stats.gov.cn/sj/zxfb/index_65.html,66
nbs_pmi,2021-10,2021年10月中国采购经理指数运行情况,https://www.stats.gov.cn/sj/zxfb/202302/t20230203_1901269.html,https://www.stats.gov.cn/sj/zxfb/index_64.html,65
nbs_pmi,2021-11,2021年11月中国采购经理指数运行情况,https://www.stats.gov.cn/sj/zxfb/202302/t20230203_1901291.html,https://www.stats.gov.cn/sj/zxfb/index_63.html,64
nbs_pmi,2021-12,2021年12月中国采购经理指数运行情况,https://www.stats.gov.cn/sj/zxfb/202302/t20230203_1901325.html,https://www.stats.gov.cn/sj/zxfb/index_61.html,62
nbs_pmi,2022-01,2022年1月中国采购经理指数运行情况,https://www.stats.gov.cn/sj/zxfb/202302/t20230203_1901362.html,https://www.stats.gov.cn/sj/zxfb/index_60.html,61
nbs_pmi,2022-02,2022年2月中国采购经理指数运行情况,https://www.stats.gov.cn/sj/zxfb/202302/t20230203_1901395.html,https://www.stats.gov.cn/sj/zxfb/index_59.html,60
nbs_pmi,2022-03,2022年3月中国采购经理指数运行情况,https://www.stats.gov.cn/sj/zxfb/202302/t20230203_1901418.html,https://www.stats.gov.cn/sj/zxfb/index_58.html,59
nbs_pmi,2022-04,2022年4月中国采购经理指数运行情况,https://www.stats.gov.cn/sj/zxfb/202302/t20230203_1901453.html,https://www.stats.gov.cn/sj/zxfb/index_57.html,58
nbs_pmi,2022-05,2022年5月中国采购经理指数运行情况,https://www.stats.gov.cn/sj/zxfb/202302/t20230203_1901479.html,https://www.stats.gov.cn/sj/zxfb/index_56.html,57
nbs_pmi,2022-06,2022年6月中国采购经理指数运行情况,https://www.stats.gov.cn/sj/zxfb/202302/t20230203_1901501.html,https://www.stats.gov.cn/sj/zxfb/index_55.html,56
nbs_pmi,2022-07,2022年7月中国采购经理指数运行情况,https://www.stats.gov.cn/sj/zxfb/202302/t20230203_1901539.html,https://www.stats.gov.cn/sj/zxfb/index_54.html,55
nbs_pmi,2022-08,2022年8月中国采购经理指数运行情况,https://www.stats.gov.cn/sj/zxfb/202302/t20230203_1901567.html,https://www.stats.gov.cn/sj/zxfb/index_53.html,54
nbs_pmi,2022-09,2022年9月中国采购经理指数运行情况,https://www.stats.gov.cn/sj/zxfb/202302/t20230203_1901601.html,https://www.stats.gov.cn/sj/zxfb/index_52.html,53
nbs_pmi,2022-10,2022年10月中国采购经理指数运行情况,https://www.stats.gov.cn/sj/zxfb/202302/t20230203_1901644.html,https://www.stats.gov.cn/sj/zxfb/index_50.html,51
nbs_pmi,2022-11,2022年11月中国采购经理指数运行情况,https://www.stats.gov.cn/sj/zxfb/202302/t20230203_1901666.html,https://www.stats.gov.cn/sj/zxfb/index_49.html,50
nbs_pmi,2022-12,2022年12月中国采购经理指数运行情况,https://www.stats.gov.cn/sj/zxfb/202302/t20230203_1901700.html,https://www.stats.gov.cn/sj/zxfb/index_48.html,49
nbs_pmi,2023-01,2023年1月中国采购经理指数运行情况,https://www.stats.gov.cn/sj/zxfb/202302/t20230203_1901737.html,https://www.stats.gov.cn/sj/zxfb/index_47.html,48
nbs_pmi,2023-02,2023年2月中国采购经理指数运行情况,https://www.stats.gov.cn/sj/zxfb/202303/t20230301_1919045.html,https://www.stats.gov.cn/sj/zxfb/index_46.html,47
nbs_pmi,2023-03,2023年3月中国采购经理指数运行情况,https://www.stats.gov.cn/sj/zxfb/202303/t20230331_1938271.html,https://www.stats.gov.cn/sj/zxfb/index_45.html,46
nbs_pmi,2023-04,2023年4月中国采购经理指数运行情况,https://www.stats.gov.cn/sj/zxfb/202304/t20230429_1939136.html,https://www.stats.gov.cn/sj/zxfb/index_44.html,45
nbs_pmi,2023-05,2023年5月中国采购经理指数运行情况,https://www.stats.gov.cn/sj/zxfb/202305/t20230531_1940267.html,https://www.stats.gov.cn/sj/zxfb/index_43.html,44
nbs_pmi,2023-06,2023年6月中国采购经理指数运行情况,https://www.stats.gov.cn/sj/zxfb/202306/t20230630_1940935.html,https://www.stats.gov.cn/sj/zxfb/index_42.html,43
nbs_pmi,2023-07,2023年7月中国采购经理指数运行情况,https://www.stats.gov.cn/sj/zxfb/202307/t20230731_1941624.html,https://www.stats.gov.cn/sj/zxfb/index_40.html,41
nbs_pmi,2023-08,2023年8月中国采购经理指数运行情况,https://www.stats.gov.cn/sj/zxfb/202308/t20230831_1942429.html,https://www.stats.gov.cn/sj/zxfb/index_39.html,40
nbs_pmi,2023-09,2023年9月中国采购经理指数运行情况,https://www.stats.gov.cn/sj/zxfb/202309/t20230928_1943291.html,https://www.stats.gov.cn/sj/zxfb/index_38.html,39
nbs_pmi,2023-10,2023年10月中国采购经理指数运行情况,https://www.stats.gov.cn/sj/zxfb/202310/t20231031_1944037.html,https://www.stats.gov.cn/sj/zxfb/index_37.html,38
nbs_pmi,2023-11,2023年11月中国采购经理指数运行情况,https://www.stats.gov.cn/sj/zxfb/202311/t20231130_1945018.html,https://www.stats.gov.cn/sj/zxfb/index_36.html,37
nbs_pmi,2023-12,2023年12月中国采购经理指数运行情况,https://www.stats.gov.cn/sj/zxfb/202312/t20231229_1946102.html,https://www.stats.gov.cn/sj/zxfb/index_34.html,35
nbs_pmi,2024-01,2024年1月中国采购经理指数运行情况,https://www.stats.gov.cn/sj/zxfb/202401/t20240131_1947009.html,https://www.stats.gov.cn/sj/zxfb/index_33.html,34
nbs_pmi,2024-02,2024年2月中国采购经理指数运行情况,https://www.stats.gov.cn/sj/zxfb/202403/t20240318_1948006.html,https://www.stats.gov.cn/sj/zxfb/index_33.html,34
nbs_pmi,2024-03,2024年3月中国采购经理指数运行情况,https://www.stats.gov.cn/sj/zxfb/202404/t20240411_1948446.html,https://www.stats.gov.cn/sj/zxfb/index_32.html,33
nbs_pmi,2024-04,2024年4月中国采购经理指数运行情况,https://www.stats.gov.cn/sj/zxfb/202404/t20240430_1948787.html,https://www.stats.gov.cn/sj/zxfb/index_30.html,31
nbs_pmi,2024-05,2024年5月中国采购经理指数运行情况,https://www.stats.gov.cn/sj/zxfb/202405/t20240531_1954176.html,https://www.stats.gov.cn/sj/zxfb/index_29.html,30
nbs_pmi,2024-06,2024年6月中国采购经理指数运行情况,https://www.stats.gov.cn/sj/zxfb/202406/t20240630_1955251.html,https://www.stats.gov.cn/sj/zxfb/index_28.html,29
nbs_pmi,2024-07,2024年7月中国采购经理指数运行情况,https://www.stats.gov.cn/sj/zxfb/202407/t20240731_1955901.html,https://www.stats.gov.cn/sj/zxfb/index_27.html,28
nbs_pmi,2024-08,2024年8月中国采购经理指数运行情况,https://www.stats.gov.cn/sj/zxfb/202408/t20240831_1956161.html,https://www.stats.gov.cn/sj/zxfb/index_26.html,27
nbs_pmi,2024-09,2024年9月中国采购经理指数运行情况,https://www.stats.gov.cn/sj/zxfb/202409/t20240930_1956798.html,https://www.stats.gov.cn/sj/zxfb/index_25.html,26
nbs_pmi,2024-10,2024年10月中国采购经理指数运行情况,https://www.stats.gov.cn/sj/zxfb/202410/t20241031_1957214.html,https://www.stats.gov.cn/sj/zxfb/index_24.html,25
nbs_pmi,2024-11,2024年11月中国采购经理指数运行情况,https://www.stats.gov.cn/sj/zxfb/202411/t20241130_1957624.html,https://www.stats.gov.cn/sj/zxfb/index_23.html,24
nbs_pmi,2024-12,2024年12月中国采购经理指数运行情况,https://www.stats.gov.cn/sj/zxfb/202412/t20241231_1958118.html,https://www.stats.gov.cn/sj/zxfb/index_21.html,22
nbs_pmi,2025-01,2025年1月中国采购经理指数运行情况,https://www.stats.gov.cn/sj/zxfb/202501/t20250127_1958493.html,https://www.stats.gov.cn/sj/zxfb/index_19.html,20
nbs_pmi,2025-02,2025年2月中国采购经理指数运行情况,https://www.stats.gov.cn/sj/zxfb/202503/t20250301_1958837.html,https://www.stats.gov.cn/sj/zxfb/index_19.html,20
nbs_pmi,2025-03,2025年3月中国采购经理指数运行情况,https://www.stats.gov.cn/sj/zxfb/202503/t20250331_1959176.html,https://www.stats.gov.cn/sj/zxfb/index_18.html,19
nbs_pmi,2025-04,2025年4月中国采购经理指数运行情况,https://www.stats.gov.cn/sj/zxfb/202504/t20250430_1959521.html,https://www.stats.gov.cn/sj/zxfb/index_16.html,17
nbs_pmi,2025-05,2025年5月中国采购经理指数运行情况,https://www.stats.gov.cn/sj/zxfb/202505/t20250531_1959985.html,https://www.stats.gov.cn/sj/zxfb/index_15.html,16
nbs_pmi,2025-06,2025年6月中国采购经理指数运行情况,https://www.stats.gov.cn/sj/zxfb/202506/t20250630_1960283.html,https://www.stats.gov.cn/sj/zxfb/index_14.html,15
nbs_pmi,2025-07,2025年7月中国采购经理指数运行情况,https://www.stats.gov.cn/sj/zxfb/202507/t20250731_1960551.html,https://www.stats.gov.cn/sj/zxfb/index_13.html,14
nbs_pmi,2025-08,2025年8月中国采购经理指数运行情况,https://www.stats.gov.cn/sj/zxfb/202508/t20250831_1960937.html,https://www.stats.gov.cn/sj/zxfb/index_12.html,13
nbs_pmi,2025-09,2025年9月中国采购经理指数运行情况,https://www.stats.gov.cn/sj/zxfb/202509/t20250930_1961438.html,https://www.stats.gov.cn/sj/zxfb/index_11.html,12
nbs_pmi,2025-10,2025年10月中国采购经理指数运行情况,https://www.stats.gov.cn/sj/zxfb/202510/t20251031_1961740.html,https://www.stats.gov.cn/sj/zxfb/index_10.html,11
nbs_pmi,2025-11,2025年11月中国采购经理指数运行情况,https://www.stats.gov.cn/sj/zxfb/202511/t20251130_1961945.html,https://www.stats.gov.cn/sj/zxfb/index_9.html,10
nbs_pmi,2025-12,2025年12月中国采购经理指数运行情况,https://www.stats.gov.cn/sj/zxfb/202512/t20251231_1962218.html,https://www.stats.gov.cn/sj/zxfb/index_7.html,8
pbc_m2,2018-01,2018年1月金融统计数据报告,https://www.pbc.gov.cn/diaochatongjisi/116219/116225/2d146cf183ff478b87eadfc421492f08/index.html,https://www.pbc.gov.cn/diaochatongjisi/116219/116225/11871-19.html,19
pbc_m2,2018-02,2018年2月金融统计数据报告,https://www.pbc.gov.cn/diaochatongjisi/116219/116225/6c4d7eb51e044d8692eda435db7c8607/index.html,https://www.pbc.gov.cn/diaochatongjisi/116219/116225/11871-19.html,19
pbc_m2,2018-03,2018年一季度金融统计数据报告,https://www.pbc.gov.cn/diaochatongjisi/116219/116225/872aa7e9309d457ebc320681dac0b60b/index.html,https://www.pbc.gov.cn/diaochatongjisi/116219/116225/11871-19.html,19
pbc_m2,2018-04,2018年4月金融统计数据报告,https://www.pbc.gov.cn/diaochatongjisi/116219/116225/5b38d6d862a8427fb2fc3f26a32782eb/index.html,https://www.pbc.gov.cn/diaochatongjisi/116219/116225/11871-18.html,18
pbc_m2,2018-05,2018年5月金融统计数据报告,https://www.pbc.gov.cn/diaochatongjisi/116219/116225/39c40d9801fe43baad09db4d64a3cc30/index.html,https://www.pbc.gov.cn/diaochatongjisi/116219/116225/11871-18.html,18
pbc_m2,2018-06,2018年上半年金融统计数据报告,https://www.pbc.gov.cn/diaochatongjisi/116219/116225/cdd9152e7bd74c1aab063631da872b44/index.html,https://www.pbc.gov.cn/diaochatongjisi/116219/116225/11871-18.html,18
pbc_m2,2018-07,2018年7月金融统计数据报告,https://www.pbc.gov.cn/diaochatongjisi/116219/116225/2d8fe4cbe89d4ac5b57580bf88d95bad/index.html,https://www.pbc.gov.cn/diaochatongjisi/116219/116225/11871-18.html,18
pbc_m2,2018-08,2018年8月金融统计数据报告,https://www.pbc.gov.cn/diaochatongjisi/116219/116225/7d686194c5ac49f185ae51c92a1aa5d1/index.html,https://www.pbc.gov.cn/diaochatongjisi/116219/116225/11871-18.html,18
pbc_m2,2018-09,2018年前三季度金融统计数据报告,https://www.pbc.gov.cn/diaochatongjisi/116219/116225/09b04ac75bfe45d38ade1e9b6bd317f6/index.html,https://www.pbc.gov.cn/diaochatongjisi/116219/116225/11871-17.html,17
pbc_m2,2018-10,2018年10月金融统计数据报告,https://www.pbc.gov.cn/diaochatongjisi/116219/116225/a7a07c14c5f74fe5be63ee840998373e/index.html,https://www.pbc.gov.cn/diaochatongjisi/116219/116225/11871-17.html,17
pbc_m2,2018-11,2018年11月金融统计数据报告,https://www.pbc.gov.cn/diaochatongjisi/116219/116225/4e38e25701764e6f93623ccd43e02824/index.html,https://www.pbc.gov.cn/diaochatongjisi/116219/116225/11871-17.html,17
pbc_m2,2018-12,2018年金融统计数据报告,https://www.pbc.gov.cn/diaochatongjisi/116219/116225/370befa3ce2042dfbc414b74f3b397b7/index.html,https://www.pbc.gov.cn/diaochatongjisi/116219/116225/11871-17.html,17
pbc_m2,2019-01,2019年1月金融统计数据报告,https://www.pbc.gov.cn/diaochatongjisi/116219/116225/7edf9df774a54075bbe1ee1a2668d2de/index.html,https://www.pbc.gov.cn/diaochatongjisi/116219/116225/11871-17.html,17
pbc_m2,2019-02,2019年2月金融统计数据报告,https://www.pbc.gov.cn/diaochatongjisi/116219/116225/2e1a6b1acada49c1a209632913dd7372/index.html,https://www.pbc.gov.cn/diaochatongjisi/116219/116225/11871-16.html,16
pbc_m2,2019-03,2019年一季度金融统计数据报告,https://www.pbc.gov.cn/diaochatongjisi/116219/116225/4818fd3dab79452b88397496fdd6798f/index.html,https://www.pbc.gov.cn/diaochatongjisi/116219/116225/11871-16.html,16
pbc_m2,2019-04,2019年4月金融统计数据报告,https://www.pbc.gov.cn/diaochatongjisi/116219/116225/3c2f9ef3241c41d08397b3b59249a315/index.html,https://www.pbc.gov.cn/diaochatongjisi/116219/116225/11871-16.html,16
pbc_m2,2019-05,2019年5月金融统计数据报告,https://www.pbc.gov.cn/diaochatongjisi/116219/116225/2edf6db10c484ffdb80a7ea24103f619/index.html,https://www.pbc.gov.cn/diaochatongjisi/116219/116225/11871-16.html,16
pbc_m2,2019-06,2019年上半年金融统计数据报告,https://www.pbc.gov.cn/diaochatongjisi/116219/116225/36f1df21079a43a9aa55ed47470fee39/index.html,https://www.pbc.gov.cn/diaochatongjisi/116219/116225/11871-16.html,16
pbc_m2,2019-07,2019年7月金融统计数据报告,https://www.pbc.gov.cn/diaochatongjisi/116219/116225/f1bf08eb3d234190b8f5bbfda7e849c0/index.html,https://www.pbc.gov.cn/diaochatongjisi/116219/116225/11871-15.html,15
pbc_m2,2019-08,2019年8月金融统计数据报告,https://www.pbc.gov.cn/diaochatongjisi/116219/116225/65f03fdfd3e848079dc5744d3e350433/index.html,https://www.pbc.gov.cn/diaochatongjisi/116219/116225/11871-15.html,15
pbc_m2,2019-09,2019年前三季度金融统计数据报告,https://www.pbc.gov.cn/diaochatongjisi/116219/116225/82d281896ed54b3f8df03a039330b997/index.html,https://www.pbc.gov.cn/diaochatongjisi/116219/116225/11871-15.html,15
pbc_m2,2019-10,2019年10月金融统计数据报告,https://www.pbc.gov.cn/diaochatongjisi/116219/116225/78851d4253ca4d19897561bd76da04cf/index.html,https://www.pbc.gov.cn/diaochatongjisi/116219/116225/11871-15.html,15
pbc_m2,2019-11,2019年11月金融统计数据报告,https://www.pbc.gov.cn/diaochatongjisi/116219/116225/ad8855023c7a444c9b0ca7a1aeee9d45/index.html,https://www.pbc.gov.cn/diaochatongjisi/116219/116225/11871-15.html,15
pbc_m2,2019-12,2019年金融统计数据报告,https://www.pbc.gov.cn/diaochatongjisi/116219/116225/e5420050caef4bd194d3493587f1ccf3/index.html,https://www.pbc.gov.cn/diaochatongjisi/116219/116225/11871-14.html,14
pbc_m2,2020-01,2020年1月金融统计数据报告,https://www.pbc.gov.cn/diaochatongjisi/116219/116225/bcd66ffee22c4102b3e569236b67b5cc/index.html,https://www.pbc.gov.cn/diaochatongjisi/116219/116225/11871-14.html,14
pbc_m2,2020-02,2020年2月金融统计数据报告,https://www.pbc.gov.cn/diaochatongjisi/116219/116225/1a0947afef2f41a2afb51524ae22f906/index.html,https://www.pbc.gov.cn/diaochatongjisi/116219/116225/11871-14.html,14
pbc_m2,2020-03,2020年一季度金融统计数据报告,https://www.pbc.gov.cn/diaochatongjisi/116219/116225/6dfb6fe26fd54d899c70f0f6c1ed48ea/index.html,https://www.pbc.gov.cn/diaochatongjisi/116219/116225/11871-14.html,14
pbc_m2,2020-04,2020年4月金融统计数据报告,https://www.pbc.gov.cn/diaochatongjisi/116219/116225/1ef2894f7ccc4118aeee124111981627/index.html,https://www.pbc.gov.cn/diaochatongjisi/116219/116225/11871-14.html,14
pbc_m2,2020-05,2020年5月金融统计数据报告,https://www.pbc.gov.cn/diaochatongjisi/116219/116225/56bb60fda9174fbc80cf77211059ee44/index.html,https://www.pbc.gov.cn/diaochatongjisi/116219/116225/11871-13.html,13
pbc_m2,2020-06,2020年上半年金融统计数据报告,https://www.pbc.gov.cn/diaochatongjisi/116219/116225/6fe260e946354c69b176d7084eea7796/index.html,https://www.pbc.gov.cn/diaochatongjisi/116219/116225/11871-13.html,13
pbc_m2,2020-07,2020年7月金融统计数据报告,https://www.pbc.gov.cn/diaochatongjisi/116219/116225/99867bfaedbb47c9bd96e0c8f183d638/index.html,https://www.pbc.gov.cn/diaochatongjisi/116219/116225/11871-13.html,13
pbc_m2,2020-08,2020年8月金融统计数据报告,https://www.pbc.gov.cn/diaochatongjisi/116219/116225/be8e91f117384eac8934a50d21a75e42/index.html,https://www.pbc.gov.cn/diaochatongjisi/116219/116225/11871-13.html,13
pbc_m2,2020-09,2020年前三季度金融统计数据报告,https://www.pbc.gov.cn/diaochatongjisi/116219/116225/60a7ef6a806541ad96758ac95370721e/index.html,https://www.pbc.gov.cn/diaochatongjisi/116219/116225/11871-13.html,13
pbc_m2,2020-10,2020年10月金融统计数据报告,https://www.pbc.gov.cn/diaochatongjisi/116219/116225/79a87e151d864ee6925342d92eaedd7e/index.html,https://www.pbc.gov.cn/diaochatongjisi/116219/116225/11871-12.html,12
pbc_m2,2020-11,2020年11月金融统计数据报告,https://www.pbc.gov.cn/diaochatongjisi/116219/116225/72cffad8b2fa4a3898c88321bfe06908/index.html,https://www.pbc.gov.cn/diaochatongjisi/116219/116225/11871-12.html,12
pbc_m2,2020-12,2020年金融统计数据报告,https://www.pbc.gov.cn/diaochatongjisi/116219/116225/f67a498ba4df43bdbc4cc3053c6bc168/index.html,https://www.pbc.gov.cn/diaochatongjisi/116219/116225/11871-12.html,12
pbc_m2,2021-01,2021年1月金融统计数据报告,https://www.pbc.gov.cn/diaochatongjisi/116219/116225/de29861e7a2848368ce269dfc31e6be6/index.html,https://www.pbc.gov.cn/diaochatongjisi/116219/116225/11871-12.html,12
pbc_m2,2021-02,2021年2月金融统计数据报告,https://www.pbc.gov.cn/diaochatongjisi/116219/116225/e8f0ed951dcb44aca265fb31ff7eeff6/index.html,https://www.pbc.gov.cn/diaochatongjisi/116219/116225/11871-12.html,12
pbc_m2,2021-03,2021年一季度金融统计数据报告,https://www.pbc.gov.cn/diaochatongjisi/116219/116225/565787bbb7074e018bdee0080de52024/index.html,https://www.pbc.gov.cn/diaochatongjisi/116219/116225/11871-11.html,11
pbc_m2,2021-04,2021年4月金融统计数据报告,https://www.pbc.gov.cn/diaochatongjisi/116219/116225/11a114b756b34c2dbf62b7ccebf6f8a9/index.html,https://www.pbc.gov.cn/diaochatongjisi/116219/116225/11871-11.html,11
pbc_m2,2021-05,2021年5月金融统计数据报告,https://www.pbc.gov.cn/diaochatongjisi/116219/116225/8547a25bf7384b908b4679dd352cee24/index.html,https://www.pbc.gov.cn/diaochatongjisi/116219/116225/11871-11.html,11
pbc_m2,2021-06,2021年上半年金融统计数据报告,https://www.pbc.gov.cn/diaochatongjisi/116219/116225/d3af357ad35b4fb78426c435987af0aa/index.html,https://www.pbc.gov.cn/diaochatongjisi/116219/116225/11871-11.html,11
pbc_m2,2021-07,2021年7月金融统计数据报告,https://www.pbc.gov.cn/diaochatongjisi/116219/116225/cbf663c7555049f291d3f8e0e2bae83f/index.html,https://www.pbc.gov.cn/diaochatongjisi/116219/116225/11871-11.html,11
pbc_m2,2021-08,2021年8月金融统计数据报告,https://www.pbc.gov.cn/diaochatongjisi/116219/116225/6ad95be1e9524d7f857544a295f07c82/index.html,https://www.pbc.gov.cn/diaochatongjisi/116219/116225/11871-11.html,11
pbc_m2,2021-09,2021年前三季度金融统计数据报告,https://www.pbc.gov.cn/diaochatongjisi/116219/116225/4eb6a532bbe14e14924f09dac64d6d0e/index.html,https://www.pbc.gov.cn/diaochatongjisi/116219/116225/11871-10.html,10
pbc_m2,2021-10,2021年10月金融统计数据报告,https://www.pbc.gov.cn/diaochatongjisi/116219/116225/49c49e1c0f3945a58821af20b1d49e7b/index.html,https://www.pbc.gov.cn/diaochatongjisi/116219/116225/11871-10.html,10
pbc_m2,2021-11,2021年11月金融统计数据报告,https://www.pbc.gov.cn/diaochatongjisi/116219/116225/28034b83163d40d2bf5aacb2112e2062/index.html,https://www.pbc.gov.cn/diaochatongjisi/116219/116225/11871-10.html,10
pbc_m2,2021-12,2021年金融统计数据报告,https://www.pbc.gov.cn/diaochatongjisi/116219/116225/216996c140a74b30a2595ec8a8f58ce3/index.html,https://www.pbc.gov.cn/diaochatongjisi/116219/116225/11871-10.html,10
pbc_m2,2022-01,2022年1月金融统计数据报告,https://www.pbc.gov.cn/diaochatongjisi/116219/116225/03855a5cd8494b8fa37f81b058a844fd/index.html,https://www.pbc.gov.cn/diaochatongjisi/116219/116225/11871-10.html,10
pbc_m2,2022-02,2022年2月金融统计数据报告,https://www.pbc.gov.cn/diaochatongjisi/116219/116225/f8157ada86814e82a99d8629e07e0cba/index.html,https://www.pbc.gov.cn/diaochatongjisi/116219/116225/11871-9.html,9
pbc_m2,2022-03,2022年一季度金融统计数据报告,https://www.pbc.gov.cn/diaochatongjisi/116219/116225/b120f9b0d55f4bf995f9b77bcce41757/index.html,https://www.pbc.gov.cn/diaochatongjisi/116219/116225/11871-9.html,9
pbc_m2,2022-04,2022年4月金融统计数据报告,https://www.pbc.gov.cn/diaochatongjisi/116219/116225/356bd109230b48ae9013b790520a3425/index.html,https://www.pbc.gov.cn/diaochatongjisi/116219/116225/11871-9.html,9
pbc_m2,2022-05,2022年5月金融统计数据报告,https://www.pbc.gov.cn/diaochatongjisi/116219/116225/adc58e98876a43ac8f9a3f3ae9020178/index.html,https://www.pbc.gov.cn/diaochatongjisi/116219/116225/11871-9.html,9
pbc_m2,2022-06,2022年上半年金融统计数据报告,https://www.pbc.gov.cn/diaochatongjisi/116219/116225/5e5f733aaa0f44228c7a1aa1d807871d/index.html,https://www.pbc.gov.cn/diaochatongjisi/116219/116225/11871-9.html,9
pbc_m2,2022-07,2022年7月金融统计数据报告,https://www.pbc.gov.cn/diaochatongjisi/116219/116225/89a04f538b414573a827dd0666294e69/index.html,https://www.pbc.gov.cn/diaochatongjisi/116219/116225/11871-8.html,8
pbc_m2,2022-08,2022年8月金融统计数据报告,https://www.pbc.gov.cn/diaochatongjisi/116219/116225/b2dfd3ad0adc4d3ca62f1adacea5fc09/index.html,https://www.pbc.gov.cn/diaochatongjisi/116219/116225/11871-8.html,8
pbc_m2,2022-09,2022年前三季度金融统计数据报告,https://www.pbc.gov.cn/diaochatongjisi/116219/116225/fb30cb8791924291b5365d3e092bc803/index.html,https://www.pbc.gov.cn/diaochatongjisi/116219/116225/11871-8.html,8
pbc_m2,2022-10,2022年10月金融统计数据报告,https://www.pbc.gov.cn/diaochatongjisi/116219/116225/e15a1be918ed495488bf16af0fb7214f/index.html,https://www.pbc.gov.cn/diaochatongjisi/116219/116225/11871-8.html,8
pbc_m2,2022-11,2022年11月金融统计数据报告,https://www.pbc.gov.cn/diaochatongjisi/116219/116225/a0e7f0189181456d9fcde9ee5e423584/index.html,https://www.pbc.gov.cn/diaochatongjisi/116219/116225/11871-8.html,8
pbc_m2,2022-12,2022年金融统计数据报告,https://www.pbc.gov.cn/diaochatongjisi/116219/116225/568387ff70be457590732b5e044f8e18/index.html,https://www.pbc.gov.cn/diaochatongjisi/116219/116225/11871-7.html,7
pbc_m2,2023-01,2023年1月金融统计数据报告,https://www.pbc.gov.cn/diaochatongjisi/116219/116225/1421ef5774954fd795d2e2312daf0470/index.html,https://www.pbc.gov.cn/diaochatongjisi/116219/116225/11871-7.html,7
pbc_m2,2023-02,2023年2月金融统计数据报告,https://www.pbc.gov.cn/diaochatongjisi/116219/116225/588b2401df5344f68b78d51b7396d743/index.html,https://www.pbc.gov.cn/diaochatongjisi/116219/116225/11871-7.html,7
pbc_m2,2023-03,2023年一季度金融统计数据报告,https://www.pbc.gov.cn/diaochatongjisi/116219/116225/532709cd6dc346c6abd925556437511d/index.html,https://www.pbc.gov.cn/diaochatongjisi/116219/116225/11871-7.html,7
pbc_m2,2023-04,2023年4月金融统计数据报告,https://www.pbc.gov.cn/diaochatongjisi/116219/116225/1bb8759c90de4353b2a93e00438375e3/index.html,https://www.pbc.gov.cn/diaochatongjisi/116219/116225/11871-7.html,7
pbc_m2,2023-05,2023年5月金融统计数据报告,https://www.pbc.gov.cn/diaochatongjisi/116219/116225/0755aafdab32428daa12f2cf682c81ba/index.html,https://www.pbc.gov.cn/diaochatongjisi/116219/116225/11871-6.html,6
pbc_m2,2023-06,2023年上半年金融统计数据报告,https://www.pbc.gov.cn/diaochatongjisi/116219/116225/33ed4f226f484e66a50446175026c639/index.html,https://www.pbc.gov.cn/diaochatongjisi/116219/116225/11871-6.html,6
pbc_m2,2023-07,2023年7月金融统计数据报告,https://www.pbc.gov.cn/diaochatongjisi/116219/116225/88fe2f6caa7d46e8ba029def777c7831/index.html,https://www.pbc.gov.cn/diaochatongjisi/116219/116225/11871-6.html,6
pbc_m2,2023-08,2023年8月金融统计数据报告,https://www.pbc.gov.cn/diaochatongjisi/116219/116225/f30cb865aa774555bccb5ae49470007c/index.html,https://www.pbc.gov.cn/diaochatongjisi/116219/116225/11871-6.html,6
pbc_m2,2023-09,2023年前三季度金融统计数据报告,https://www.pbc.gov.cn/diaochatongjisi/116219/116225/13726e91dd8d4423b12ec14955d6601a/index.html,https://www.pbc.gov.cn/diaochatongjisi/116219/116225/11871-6.html,6
pbc_m2,2023-10,2023年10月金融统计数据报告,https://www.pbc.gov.cn/diaochatongjisi/116219/116225/8393556d383747a3bc6ad513618ae523/index.html,https://www.pbc.gov.cn/diaochatongjisi/116219/116225/11871-5.html,5
pbc_m2,2023-11,2023年11月金融统计数据报告,https://www.pbc.gov.cn/diaochatongjisi/116219/116225/b21be1ab65c94424a612a7666d605a1b/index.html,https://www.pbc.gov.cn/diaochatongjisi/116219/116225/11871-5.html,5
pbc_m2,2023-12,2023年金融统计数据报告,https://www.pbc.gov.cn/diaochatongjisi/116219/116225/1a6fe9c99e0b4b3ba35bbd038ef8535c/index.html,https://www.pbc.gov.cn/diaochatongjisi/116219/116225/11871-5.html,5
pbc_m2,2024-01,2024年1月金融统计数据报告,https://www.pbc.gov.cn/diaochatongjisi/116219/116225/a46e2ace126b4c4391b512bf4bde01f9/index.html,https://www.pbc.gov.cn/diaochatongjisi/116219/116225/11871-5.html,5
pbc_m2,2024-02,2024年2月金融统计数据报告,https://www.pbc.gov.cn/diaochatongjisi/116219/116225/92d0ec2dadd140219750ffd27571ca1a/index.html,https://www.pbc.gov.cn/diaochatongjisi/116219/116225/11871-5.html,5
pbc_m2,2024-03,2024年3月金融统计数据报告,https://www.pbc.gov.cn/diaochatongjisi/116219/116225/5e836772302043d99354efa62c01029d/index.html,https://www.pbc.gov.cn/diaochatongjisi/116219/116225/11871-4.html,4
pbc_m2,2024-04,2024年4月金融统计数据报告,https://www.pbc.gov.cn/diaochatongjisi/116219/116225/755eb247554443c3aea852f0f11546a2/index.html,https://www.pbc.gov.cn/diaochatongjisi/116219/116225/11871-4.html,4
pbc_m2,2024-05,2024年5月金融统计数据报告,https://www.pbc.gov.cn/diaochatongjisi/116219/116225/b59c04b2e581418f9109dcdff76de699/index.html,https://www.pbc.gov.cn/diaochatongjisi/116219/116225/11871-4.html,4
pbc_m2,2024-06,2024年上半年金融统计数据报告,https://www.pbc.gov.cn/diaochatongjisi/116219/116225/25bd40fd26ae4b1488369f7df33ffc94/index.html,https://www.pbc.gov.cn/diaochatongjisi/116219/116225/11871-4.html,4
pbc_m2,2024-07,2024年7月金融统计数据报告,https://www.pbc.gov.cn/diaochatongjisi/116219/116225/8980a8a6f1414f649d3443cc09352c2b/index.html,https://www.pbc.gov.cn/diaochatongjisi/116219/116225/11871-4.html,4
pbc_m2,2024-08,2024年8月金融统计数据报告,https://www.pbc.gov.cn/diaochatongjisi/116219/116225/41425ee3179143a29c4656e31b6df3d8/index.html,https://www.pbc.gov.cn/diaochatongjisi/116219/116225/11871-3.html,3
pbc_m2,2024-09,2024年前三季度金融统计数据报告,https://www.pbc.gov.cn/diaochatongjisi/116219/116225/02a6abaaea894de8b591846e295826e6/index.html,https://www.pbc.gov.cn/diaochatongjisi/116219/116225/11871-3.html,3
pbc_m2,2024-10,2024年10月金融统计数据报告,https://www.pbc.gov.cn/diaochatongjisi/116219/116225/6a9d1d8c3460445bb190bff0d58e4484/index.html,https://www.pbc.gov.cn/diaochatongjisi/116219/116225/11871-3.html,3
pbc_m2,2024-11,2024年11月金融统计数据报告,https://www.pbc.gov.cn/diaochatongjisi/116219/116225/6bfd794fa2a0407d9a1dbddb6fa3f77f/index.html,https://www.pbc.gov.cn/diaochatongjisi/116219/116225/11871-3.html,3
pbc_m2,2024-12,2024年金融统计数据报告,https://www.pbc.gov.cn/diaochatongjisi/116219/116225/5fb867cbec1b4772b8f6f98b5d0ede52/index.html,https://www.pbc.gov.cn/diaochatongjisi/116219/116225/11871-3.html,3
pbc_m2,2025-02,2025年2月金融统计数据报告,https://www.pbc.gov.cn/diaochatongjisi/116219/116225/2025080618505068053/index.html,https://www.pbc.gov.cn/diaochatongjisi/116219/116225/11871-2.html,2
pbc_m2,2025-03,2025年3月金融统计数据报告,https://www.pbc.gov.cn/diaochatongjisi/116219/116225/2025080618505039987/index.html,https://www.pbc.gov.cn/diaochatongjisi/116219/116225/11871-2.html,2
pbc_m2,2025-04,2025年4月金融统计数据报告,https://www.pbc.gov.cn/diaochatongjisi/116219/116225/2025080618505010475/index.html,https://www.pbc.gov.cn/diaochatongjisi/116219/116225/11871-2.html,2
pbc_m2,2025-05,2025年5月金融统计数据报告,https://www.pbc.gov.cn/diaochatongjisi/116219/116225/2025080618505081124/index.html,https://www.pbc.gov.cn/diaochatongjisi/116219/116225/11871-2.html,2
pbc_m2,2025-06,2025年上半年金融统计数据报告,https://www.pbc.gov.cn/diaochatongjisi/116219/116225/2025080618505071886/index.html,https://www.pbc.gov.cn/diaochatongjisi/116219/116225/11871-2.html,2
pbc_m2,2025-07,2025年7月金融统计数据报告,https://www.pbc.gov.cn/diaochatongjisi/116219/116225/2972dbe4d53540e5a9d0b5781c71480d/index.html,https://www.pbc.gov.cn/diaochatongjisi/116219/116225/index.html,1
pbc_m2,2025-08,2025年8月金融统计数据报告,https://www.pbc.gov.cn/diaochatongjisi/116219/116225/e3120f58ec724fe1811d9dadf67232d2/index.html,https://www.pbc.gov.cn/diaochatongjisi/116219/116225/index.html,1
pbc_m2,2025-09,2025年前三季度金融统计数据报告,https://www.pbc.gov.cn/diaochatongjisi/116219/116225/dded7449c74144a19171f582bec9ed36/index.html,https://www.pbc.gov.cn/diaochatongjisi/116219/116225/index.html,1
pbc_m2,2025-10,2025年10月金融统计数据报告,https://www.pbc.gov.cn/diaochatongjisi/116219/116225/f294561578884c22878d115780ba7c08/index.html,https://www.pbc.gov.cn/diaochatongjisi/116219/116225/index.html,1
pbc_m2,2025-11,2025年11月金融统计数据报告,https://www.pbc.gov.cn/diaochatongjisi/116219/116225/2025121217132789688/index.html,https://www.pbc.gov.cn/diaochatongjisi/116219/116225/index.html,1
pbc_m2,2025-12,2025年金融统计数据报告,https://www.pbc.gov.cn/diaochatongjisi/116219/116225/2026011515015720511/index.html,https://www.pbc.gov.cn/diaochatongjisi/116219/116225/index.html,1
