record_id,source_family,period,source_url,retrieved_at,page_sha256,release_at,release_timing_precision,headline_value,strict_point_in_time_status,article_status
nbs_pmi_2018_01,nbs_pmi,2018-01,https://www.stats.gov.cn/sj/zxfb/202302/t20230203_1899839.html,2026-09-04T13:05:09.859760+00:00,6c9bfaf078134db2f8ae686cfa3e0cf5fbf26b262bb89ad3be83c6caa078d79e,2018-01-31T01:00:00+00:00,minute,51.3,provisional_no_snapshot,ready
nbs_pmi_2018_02,nbs_pmi,2018-02,https://www.stats.gov.cn/sj/zxfb/202302/t20230203_1899853.html,2026-09-04T13:05:10.111743+00:00,48cfe7f51360bf63b38daba901365fd75dc7176c8bc4669d980e2a1f10d224b3,2018-02-28T01:00:00+00:00,minute,50.3,provisional_no_snapshot,ready
nbs_pmi_2018_03,nbs_pmi,2018-03,https://www.stats.gov.cn/sj/zxfb/202302/t20230203_1899881.html,2026-09-04T13:05:10.293238+00:00,ff32e1ff839fcd234459ac15bd859bbe2ed5df8017d3f4f581bb9a2c2651dcef,2018-03-31T01:00:00+00:00,minute,51.5,provisional_no_snapshot,ready
nbs_pmi_2018_04,nbs_pmi,2018-04,https://www.stats.gov.cn/sj/zxfb/202302/t20230203_1899925.html,2026-09-04T13:05:11.127012+00:00,62657a20cb2b2f067e0b47484abd923eef1ddc463e0fa5cf3e75122546538046,2018-04-30T01:00:00+00:00,minute,51.4,provisional_no_snapshot,ready
nbs_pmi_2018_05,nbs_pmi,2018-05,https://www.stats.gov.cn/sj/zxfb/202302/t20230203_1899952.html,2026-09-04T13:05:11.355411+00:00,81854a75d3218b23d580ff10615a068716227914d10b9c29ba4bcba254ed2836,2018-05-31T01:00:00+00:00,minute,51.9,provisional_no_snapshot,ready
nbs_pmi_2018_06,nbs_pmi,2018-06,https://www.stats.gov.cn/sj/zxfb/202302/t20230203_1899979.html,2026-09-04T13:05:12.114398+00:00,f95fc958c2111208b3b23a956a56eb29d32391b1fe5f5cfaff7244a0900059d7,2018-06-30T01:00:00+00:00,minute,51.5,provisional_no_snapshot,ready
nbs_pmi_2018_07,nbs_pmi,2018-07,https://www.stats.gov.cn/sj/zxfb/202302/t20230203_1900034.html,2026-09-04T13:05:12.423449+00:00,4c8417c5b18f166e53f80a60905d16589039a767664b17d6278a51870da99d83,2018-07-31T01:00:00+00:00,minute,51.2,provisional_no_snapshot,ready
nbs_pmi_2018_08,nbs_pmi,2018-08,https://www.stats.gov.cn/sj/zxfb/202302/t20230203_1900052.html,2026-09-04T13:05:13.161553+00:00,19139fc2c043729d03d7c204c3ca81ba4fa7b5b83305a8d2835f2c04dd299e46,2018-08-31T01:00:00+00:00,minute,51.3,provisional_no_snapshot,ready
nbs_pmi_2018_09,nbs_pmi,2018-09,https://www.stats.gov.cn/sj/zxfb/202302/t20230203_1900094.html,2026-09-04T13:05:13.452729+00:00,50b5298f26cc4f68980df4520da15c6fa1041a13fa627be59fc5bd968106fcff,2018-09-30T01:00:00+00:00,minute,50.8,provisional_no_snapshot,ready
nbs_pmi_2018_10,nbs_pmi,2018-10,https://www.stats.gov.cn/sj/zxfb/202302/t20230203_1900128.html,2026-09-04T13:05:13.780643+00:00,0069ca6af33fc3870b8c76fe885fe50642fd5f4634e43adfcd4daecbfd9db731,2018-10-31T01:00:00+00:00,minute,50.2,provisional_no_snapshot,ready
nbs_pmi_2018_11,nbs_pmi,2018-11,https://www.stats.gov.cn/sj/zxfb/202302/t20230203_1900159.html,2026-09-04T13:05:14.014317+00:00,b20e191511c3e00c79ae170320e33a3557204d81148f4d647c046d0b5005d59f,2018-11-30T01:00:00+00:00,minute,50.0,provisional_no_snapshot,ready
nbs_pmi_2018_12,nbs_pmi,2018-12,https://www.stats.gov.cn/sj/zxfb/202302/t20230203_1900190.html,2026-09-04T13:05:14.307194+00:00,e23df19d692535d7791dd5fd56dfc68f35b5d0587736a6c85068bb2df6503959,2018-12-31T01:00:00+00:00,minute,49.4,provisional_no_snapshot,ready
nbs_pmi_2019_01,nbs_pmi,2019-01,https://www.stats.gov.cn/sj/zxfb/202302/t20230203_1900229.html,2026-09-04T13:05:14.548259+00:00,e914d6d0d49d98e240d232b84aac46b76eb2b20b302f5bc778cf4798e05ae446,2019-01-31T01:00:00+00:00,minute,49.5,provisional_no_snapshot,ready
nbs_pmi_2019_02,nbs_pmi,2019-02,https://www.stats.gov.cn/sj/zxfb/202302/t20230203_1900243.html,2026-09-04T13:05:14.908910+00:00,3fd8e6c8ca099b1619fa5dbb5fb040718d514dfea696081fbbb0e2b7e84345ad,2019-02-28T01:00:00+00:00,minute,49.2,provisional_no_snapshot,ready
nbs_pmi_2019_03,nbs_pmi,2019-03,https://www.stats.gov.cn/sj/zxfb/202302/t20230203_1900267.html,2026-09-04T13:05:15.158936+00:00,8ff8dded77982cd9c59b6a18e800e5430a49778d604a28b4e03d6ff836986dad,2019-03-31T01:00:00+00:00,minute,50.5,provisional_no_snapshot,ready
nbs_pmi_2019_04,nbs_pmi,2019-04,https://www.stats.gov.cn/sj/zxfb/202302/t20230203_1900300.html,2026-09-04T13:05:15.540127+00:00,4c609e9eb38c9c619a40e71956509162e79374193be5ce26598d052c469a438e,2019-04-30T01:00:00+00:00,minute,50.1,provisional_no_snapshot,ready
nbs_pmi_2019_05,nbs_pmi,2019-05,https://www.stats.gov.cn/sj/zxfb/202302/t20230203_1900331.html,2026-09-04T13:05:15.877130+00:00,021bab4b86a35c6ac62d24c9865b57a57b3f10de4a8cf57b453b1360c1067ba6,2019-05-31T01:00:00+00:00,minute,49.4,provisional_no_snapshot,ready
nbs_pmi_2019_06,nbs_pmi,2019-06,https://www.stats.gov.cn/sj/zxfb/202302/t20230203_1900353.html,2026-09-04T13:05:16.162331+00:00,81f079f5a4a38762b932c7ca2af8708b91f0eac36e638363463e0cfba6df8782,2019-06-30T01:00:00+00:00,minute,49.4,provisional_no_snapshot,ready
nbs_pmi_2019_07,nbs_pmi,2019-07,https://www.stats.gov.cn/sj/zxfb/202302/t20230203_1900397.html,2026-09-04T13:05:16.466771+00:00,7148dc26253eb2d582693bb09a3c9767bb998dd00e95b9ce1b2fb1d3e74a5266,2019-07-31T01:00:00+00:00,minute,49.7,provisional_no_snapshot,ready
nbs_pmi_2019_08,nbs_pmi,2019-08,https://www.stats.gov.cn/sj/zxfb/202302/t20230203_1900440.html,2026-09-04T13:05:16.894445+00:00,bdfe8f0849bf1ff576e28ec2d8971625a4d7de8c5b2a3e57cbf14f796bf71229,2019-08-31T01:00:00+00:00,minute,49.5,provisional_no_snapshot,ready
nbs_pmi_2019_09,nbs_pmi,2019-09,https://www.stats.gov.cn/sj/zxfb/202302/t20230203_1900464.html,2026-09-04T13:05:17.191172+00:00,7a623aa2c36129b1a1e021d84008e42a275aace9e1ab757659551957e99ff5a2,2019-09-30T01:00:00+00:00,minute,49.8,provisional_no_snapshot,ready
nbs_pmi_2019_10,nbs_pmi,2019-10,https://www.stats.gov.cn/sj/zxfb/202302/t20230203_1900498.html,2026-09-04T13:05:17.541850+00:00,5fb04896497620be4505a51e33c3902d3c869a085aff203c61f569a20c5d12a3,2019-10-31T01:00:00+00:00,minute,49.3,provisional_no_snapshot,ready
nbs_pmi_2019_11,nbs_pmi,2019-11,https://www.stats.gov.cn/sj/zxfb/202302/t20230203_1900540.html,2026-09-04T13:05:17.881227+00:00,7a0d4c26e72091696294172e07ec200790254fd04788ef9fb64c63e2ee6f8c7d,2019-11-30T01:00:00+00:00,minute,50.2,provisional_no_snapshot,ready
nbs_pmi_2019_12,nbs_pmi,2019-12,https://www.stats.gov.cn/sj/zxfb/202302/t20230203_1900581.html,2026-09-04T13:05:21.313253+00:00,1b5df03975b22f26d7f2591e3e968dedf899284ed64482135606c6f413cdef7c,2019-12-31T01:00:00+00:00,minute,50.2,provisional_no_snapshot,ready
nbs_pmi_2020_01,nbs_pmi,2020-01,https://www.stats.gov.cn/sj/zxfb/202302/t20230203_1900626.html,2026-09-04T13:05:24.854545+00:00,e7faa028aa065e178b5ad2e76d24a404dc8a7feb2b740b57494df542f74bc905,2020-01-31T01:00:00+00:00,minute,50.0,provisional_no_snapshot,ready
nbs_pmi_2020_02,nbs_pmi,2020-02,https://www.stats.gov.cn/sj/zxfb/202302/t20230203_1900642.html,2026-09-04T13:05:28.368480+00:00,dc3af9beea2ff1924641927ad341c50ae3adbc00f9276d77a9b7ce235853d627,2020-02-29T01:00:00+00:00,minute,35.7,provisional_no_snapshot,ready
nbs_pmi_2020_03,nbs_pmi,2020-03,https://www.stats.gov.cn/sj/zxfb/202302/t20230203_1900669.html,2026-09-04T13:05:31.814656+00:00,48b82185fef4e726298df3f4bfcc2bc85ecfdb26d663f8111ffeee5b4a445ac2,2020-03-31T01:00:00+00:00,minute,52.0,provisional_no_snapshot,ready
nbs_pmi_2020_04,nbs_pmi,2020-04,https://www.stats.gov.cn/xxgk/sjfb/zxfb2020/202004/t20200430_1767707.html,2026-09-04T13:05:35.212702+00:00,0ba0447ea3d14b3df2fd32f8ebb1f77e4a4615342e2a70248c6ee900ba0b0a36,2020-04-30,date,50.8,provisional_no_snapshot,ready
nbs_pmi_2020_05,nbs_pmi,2020-05,https://www.stats.gov.cn/sj/zxfb/202302/t20230203_1900740.html,2026-09-04T13:05:38.696913+00:00,253b49182faa6b9586f6449a6fc9009a7fb196e9f17397166e0235851cfe9766,2020-05-31T01:00:00+00:00,minute,50.6,provisional_no_snapshot,ready
nbs_pmi_2020_06,nbs_pmi,2020-06,https://www.stats.gov.cn/sj/zxfb/202302/t20230203_1900766.html,2026-09-04T13:05:42.181706+00:00,1efb31a0680a74ba341732fee8d15715fb0826ff5c2a69a97c92a6b3c3ab8c51,2020-06-30T01:00:00+00:00,minute,50.9,provisional_no_snapshot,ready
nbs_pmi_2020_07,nbs_pmi,2020-07,https://www.stats.gov.cn/sj/zxfb/202302/t20230203_1900804.html,2026-09-04T13:05:45.666877+00:00,2b70564a4fae7fd850a5e23896f5c154cce47db3e972b05664d19e2b75ae31e2,2020-07-31T01:00:00+00:00,minute,51.1,provisional_no_snapshot,ready
nbs_pmi_2020_08,nbs_pmi,2020-08,https://www.stats.gov.cn/sj/zxfb/202302/t20230203_1900838.html,2026-09-04T13:05:45.929622+00:00,3cc1c1f8a3b0e8bb8a45d6bc359461c376b674692994ceee57dca435c34b53e1,2020-08-31T01:00:00+00:00,minute,51.0,provisional_no_snapshot,ready
nbs_pmi_2020_09,nbs_pmi,2020-09,https://www.stats.gov.cn/sj/zxfb/202302/t20230203_1900863.html,2026-09-04T13:05:46.283271+00:00,40db23dc3040b753520d3e844ac1ed3bd9972f6c732e660706cf64c7b4f2da20,2020-09-30T01:00:00+00:00,minute,51.5,provisional_no_snapshot,ready
nbs_pmi_2020_10,nbs_pmi,2020-10,https://www.stats.gov.cn/sj/zxfb/202302/t20230203_1900899.html,2026-09-04T13:05:46.547930+00:00,88b98b8d5dac467022583b3c8de895e02d14c01eb0f48233fd6755af6c80d146,2020-10-31T01:00:00+00:00,minute,51.4,provisional_no_snapshot,ready
nbs_pmi_2020_11,nbs_pmi,2020-11,https://www.stats.gov.cn/sj/zxfb/202302/t20230203_1900921.html,2026-09-04T13:05:50.050407+00:00,ccbdecdcf82b4958e8b305838a59f7f1cb6a4224e6c08dcbde20df4db5d62dc3,2020-11-30T01:00:00+00:00,minute,52.1,provisional_no_snapshot,ready
nbs_pmi_2020_12,nbs_pmi,2020-12,https://www.stats.gov.cn/sj/zxfb/202302/t20230203_1900951.html,2026-09-04T13:05:53.533383+00:00,03c3b133d7f34fec7ae3db7d46078ab1be2aa0cb4aaff3339b5b601baee3f274,2020-12-31T01:00:00+00:00,minute,51.9,provisional_no_snapshot,ready
nbs_pmi_2021_01,nbs_pmi,2021-01,https://www.stats.gov.cn/sj/zxfb/202302/t20230203_1900987.html,2026-09-04T13:05:57.575766+00:00,c6f532d4559a5ff5717e2d5c40501875795c9b09d0b6bab5095d1b0492c3fd70,2021-01-31T01:00:00+00:00,minute,51.3,provisional_no_snapshot,ready
nbs_pmi_2021_02,nbs_pmi,2021-02,https://www.stats.gov.cn/sj/zxfb/202302/t20230203_1901006.html,2026-09-04T13:06:01.460875+00:00,227393ef9f5df4bd6cf60a3c3b703dabccecdcdd8599ab334eed82ef167f9c8f,2021-02-28T07:00:00+00:00,minute,50.6,provisional_no_snapshot,ready
nbs_pmi_2021_03,nbs_pmi,2021-03,https://www.stats.gov.cn/sj/zxfb/202302/t20230203_1901037.html,2026-09-04T13:06:05.317541+00:00,5d56da0eb4d2d63aa8d70682fa04347d0f9914b8394c8970db49acc009743f81,2021-03-31T01:00:00+00:00,minute,51.9,provisional_no_snapshot,ready
nbs_pmi_2021_04,nbs_pmi,2021-04,https://www.stats.gov.cn/sj/zxfb/202302/t20230203_1901070.html,2026-09-04T13:06:09.046228+00:00,9e327bc7cbdb660f99ec736126321275154b6a3583b61675f23483adf5030641,2021-04-30T01:00:00+00:00,minute,51.1,provisional_no_snapshot,ready
nbs_pmi_2021_05,nbs_pmi,2021-05,https://www.stats.gov.cn/sj/zxfb/202302/t20230203_1901116.html,2026-09-04T13:06:12.715408+00:00,e80fbb56e94a9de7b1e2b4104ae62bbadc32075e698a81f78f418dad706f81b2,2021-05-31T01:00:00+00:00,minute,51.0,provisional_no_snapshot,ready
nbs_pmi_2021_06,nbs_pmi,2021-06,https://www.stats.gov.cn/sj/zxfb/202302/t20230203_1901142.html,2026-09-04T13:06:16.320717+00:00,78d424d63e0928f34e4e9f98e2e666140d5f7486448b1e8d499589d328398ab2,2021-06-30T01:00:00+00:00,minute,50.9,provisional_no_snapshot,ready
nbs_pmi_2021_07,nbs_pmi,2021-07,https://www.stats.gov.cn/sj/zxfb/202302/t20230203_1901179.html,2026-09-04T13:06:19.993704+00:00,91a152e490efa41ffd9517ba015dba787f3a095be2e92088aade6dc1fde57152,2021-07-31T01:00:00+00:00,minute,50.4,provisional_no_snapshot,ready
nbs_pmi_2021_08,nbs_pmi,2021-08,https://www.stats.gov.cn/sj/zxfb/202302/t20230203_1901208.html,2026-09-04T13:06:20.487440+00:00,ca322a68b1e94f7322dadd66887bba0404e1e8fc1a0e0766f50e21bca79788be,2021-08-31T01:00:00+00:00,minute,50.1,provisional_no_snapshot,ready
nbs_pmi_2021_09,nbs_pmi,2021-09,https://www.stats.gov.cn/sj/zxfb/202302/t20230203_1901233.html,2026-09-04T13:06:20.953579+00:00,da6d25e5c05c0147a8a0bcfbcda8b3c805ae7a9b7367761d136fc6b697c81804,2021-09-30T01:00:00+00:00,minute,49.6,provisional_no_snapshot,ready
nbs_pmi_2021_10,nbs_pmi,2021-10,https://www.stats.gov.cn/sj/zxfb/202302/t20230203_1901269.html,2026-09-04T13:06:21.413218+00:00,3963d19332cdb0d1616ac50d01f631599c654ba96f7dd012fa2b8dbd22b2423f,2021-10-31T01:00:00+00:00,minute,49.2,provisional_no_snapshot,ready
nbs_pmi_2021_11,nbs_pmi,2021-11,https://www.stats.gov.cn/sj/zxfb/202302/t20230203_1901291.html,2026-09-04T13:06:21.967332+00:00,f86d79826a15935121a25ecc7d6fb3e9a52b720c8e8a583951a1a2cb1f18eea4,2021-11-30T01:00:00+00:00,minute,50.1,provisional_no_snapshot,ready
nbs_pmi_2021_12,nbs_pmi,2021-12,https://www.stats.gov.cn/sj/zxfb/202302/t20230203_1901325.html,2026-09-04T13:06:22.430565+00:00,38e47bca6be33730f0ea489e59ab8ccd2d9af95684fc0aa7d81f3763fa607312,2021-12-31T01:00:00+00:00,minute,50.3,provisional_no_snapshot,ready
nbs_pmi_2022_01,nbs_pmi,2022-01,https://www.stats.gov.cn/sj/zxfb/202302/t20230203_1901362.html,2026-09-04T13:06:26.039019+00:00,de36ee7e2a638f3898955cc9f3afc44986284c21989d0d5ccc838557cc4cbc17,2022-01-30T01:30:00+00:00,minute,50.1,provisional_no_snapshot,ready
nbs_pmi_2022_02,nbs_pmi,2022-02,https://www.stats.gov.cn/sj/zxfb/202302/t20230203_1901395.html,2026-09-04T13:06:29.506858+00:00,8dfb036b7b9e5a8eeeb1621f8f0dafd4174c26324c0a463e14a30eeafc958510,2022-03-01T01:30:00+00:00,minute,50.2,provisional_no_snapshot,ready
nbs_pmi_2022_03,nbs_pmi,2022-03,https://www.stats.gov.cn/sj/zxfb/202302/t20230203_1901418.html,2026-09-04T13:06:33.038486+00:00,81727e39c7fc20d3a667e02dc353cdb309ad4cd18cbdf11047e4886107428c27,2022-03-31T01:30:00+00:00,minute,49.5,provisional_no_snapshot,ready
nbs_pmi_2022_04,nbs_pmi,2022-04,https://www.stats.gov.cn/sj/zxfb/202302/t20230203_1901453.html,2026-09-04T13:06:33.470656+00:00,401a87481d5f39e5773f8dbe121ce07b2d03a3f5c45775ce42a259a2bcb0b433,2022-04-30T01:30:00+00:00,minute,47.4,provisional_no_snapshot,ready
nbs_pmi_2022_05,nbs_pmi,2022-05,https://www.stats.gov.cn/sj/zxfb/202302/t20230203_1901479.html,2026-09-04T13:06:33.904798+00:00,4aea568901f663d11785b4ed1388fa50ebfc433052b072e00d13d2775e70f989,2022-05-31T01:30:00+00:00,minute,49.6,provisional_no_snapshot,ready
nbs_pmi_2022_06,nbs_pmi,2022-06,https://www.stats.gov.cn/sj/zxfb/202302/t20230203_1901501.html,2026-09-04T13:06:34.263825+00:00,0b51612b2583ac94ee387c39e16c9411e52142f84415520c71f4dbff3e5c1d82,2022-06-30T01:30:00+00:00,minute,50.2,provisional_no_snapshot,ready
nbs_pmi_2022_07,nbs_pmi,2022-07,https://www.stats.gov.cn/sj/zxfb/202302/t20230203_1901539.html,2026-09-04T13:06:34.646431+00:00,7376c080ae33a0d64c96858b340ead99a6d9dde572364a8c6ad58baeb395b4f9,2022-07-31T01:30:00+00:00,minute,49.0,provisional_no_snapshot,ready
nbs_pmi_2022_08,nbs_pmi,2022-08,https://www.stats.gov.cn/sj/zxfb/202302/t20230203_1901567.html,2026-09-04T13:06:35.044314+00:00,a3703292446dc3350287cedcc9cad0e1a286b9000f70336297d8cc4ed84f0647,2022-08-31T01:30:00+00:00,minute,49.4,provisional_no_snapshot,ready
nbs_pmi_2022_09,nbs_pmi,2022-09,https://www.stats.gov.cn/sj/zxfb/202302/t20230203_1901601.html,2026-09-04T13:06:35.475282+00:00,db5eca690a644208ec0e953ce4e83ec5924eb1757920cf07c0645c6e449b27f1,2022-09-30T01:30:00+00:00,minute,50.1,provisional_no_snapshot,ready
nbs_pmi_2022_10,nbs_pmi,2022-10,https://www.stats.gov.cn/sj/zxfb/202302/t20230203_1901644.html,2026-09-04T13:06:35.898052+00:00,ddd0ab8936627c5ecb1b55f16049e7f7df222da9ed78855e3c15a4f2e7c886d5,2022-10-31T01:30:00+00:00,minute,49.2,provisional_no_snapshot,ready
nbs_pmi_2022_11,nbs_pmi,2022-11,https://www.stats.gov.cn/sj/zxfb/202302/t20230203_1901666.html,2026-09-04T13:06:36.307359+00:00,a2e7c99cca6343b6daa9925fb4752f38d14fd0fb5947891307e731392395edcd,2022-11-30T01:30:00+00:00,minute,48.0,provisional_no_snapshot,ready
nbs_pmi_2022_12,nbs_pmi,2022-12,https://www.stats.gov.cn/sj/zxfb/202302/t20230203_1901700.html,2026-09-04T13:06:36.682443+00:00,5eae57daecfd7ee4768e9bae1f2fb2d6dd7c8aa5a1e519c376397ed453ee8409,2022-12-31T01:30:00+00:00,minute,47.0,provisional_no_snapshot,ready
nbs_pmi_2023_01,nbs_pmi,2023-01,https://www.stats.gov.cn/sj/zxfb/202302/t20230203_1901737.html,2026-09-04T13:06:37.108446+00:00,9445a4ec08943e94a9f8c0ebc3d0dd5b00e4fdd48765237dcab6dcd8c89f64f6,2023-01-31T01:30:00+00:00,minute,50.1,provisional_no_snapshot,ready
nbs_pmi_2023_02,nbs_pmi,2023-02,https://www.stats.gov.cn/sj/zxfb/202303/t20230301_1919045.html,2026-09-04T13:06:37.448159+00:00,196226c74d2a945bada53012fc8626e0bab18a1650d2ba7348cbd0f857c6243a,2023-03-01T01:30:00+00:00,minute,52.6,provisional_no_snapshot,ready
nbs_pmi_2023_03,nbs_pmi,2023-03,https://www.stats.gov.cn/sj/zxfb/202303/t20230331_1938271.html,2026-09-04T13:06:37.792184+00:00,521c229bdf0ff6ce0fefacc37049228ceeac9a221b2dbad5cdd1b5ced4d371c9,2023-03-31T01:30:00+00:00,minute,51.9,provisional_no_snapshot,ready
nbs_pmi_2023_04,nbs_pmi,2023-04,https://www.stats.gov.cn/sj/zxfb/202304/t20230429_1939136.html,2026-09-04T13:06:38.197082+00:00,cfb8a6a0b4b469eb9314d06b1fa60355e53ddc38ee1dd8267c3da960393edf20,2023-04-30T01:30:00+00:00,minute,49.2,provisional_no_snapshot,ready
nbs_pmi_2023_05,nbs_pmi,2023-05,https://www.stats.gov.cn/sj/zxfb/202305/t20230531_1940267.html,2026-09-04T13:06:38.523895+00:00,1811f0a41cc001c1e2dd7704042f1ebf07b39817522d986e4481d4d257497b17,2023-05-31T01:30:00+00:00,minute,48.8,provisional_no_snapshot,ready
nbs_pmi_2023_06,nbs_pmi,2023-06,https://www.stats.gov.cn/sj/zxfb/202306/t20230630_1940935.html,2026-09-04T13:06:39.011838+00:00,8a55094299df18bd5c7b05e5c2b12a78d5b32d5be522132edbf4f25107ee5c72,2023-06-30T01:30:00+00:00,minute,49.0,provisional_no_snapshot,ready
nbs_pmi_2023_07,nbs_pmi,2023-07,https://www.stats.gov.cn/sj/zxfb/202307/t20230731_1941624.html,2026-09-04T13:06:42.537855+00:00,b30ec942dac353e4089455aefa1f71b3edb3db2e24baa747cf78405b56c6b66e,2023-07-31T01:30:00+00:00,minute,49.3,provisional_no_snapshot,ready
nbs_pmi_2023_08,nbs_pmi,2023-08,https://www.stats.gov.cn/sj/zxfb/202308/t20230831_1942429.html,2026-09-04T13:06:46.148512+00:00,de2a0c9e3eeaa06d5b97e09bc9b54f926b137fd01eed9397fd35e235339de148,2023-08-31T01:30:00+00:00,minute,49.7,provisional_no_snapshot,ready
nbs_pmi_2023_09,nbs_pmi,2023-09,https://www.stats.gov.cn/sj/zxfb/202309/t20230928_1943291.html,2026-09-04T13:06:49.694973+00:00,5fc419efabd49116402af527e858cf917b4674a2346e18b36f4f96e2a99a3442,2023-09-30T01:30:00+00:00,minute,50.2,provisional_no_snapshot,ready
nbs_pmi_2023_10,nbs_pmi,2023-10,https://www.stats.gov.cn/sj/zxfb/202310/t20231031_1944037.html,2026-09-04T13:06:53.153813+00:00,94bcdbc1c98ab6dcb8b1d84923adef7064df81d13e4d7da99d8cb58e7ff013a9,2023-10-31T01:30:00+00:00,minute,49.5,provisional_no_snapshot,ready
nbs_pmi_2023_11,nbs_pmi,2023-11,https://www.stats.gov.cn/sj/zxfb/202311/t20231130_1945018.html,2026-09-04T13:06:56.712231+00:00,468b192bf3e2f645ac5bfe2158f4ce36f88f8feb3c8d7f2633605060eb605bfb,2023-11-30T01:30:00+00:00,minute,49.4,provisional_no_snapshot,ready
nbs_pmi_2023_12,nbs_pmi,2023-12,https://www.stats.gov.cn/sj/zxfb/202312/t20231229_1946102.html,2026-09-04T13:07:00.270756+00:00,7f679a77e3950a27339a3c63953b62fc7d20c62ea16af2a2eee8329fd36b2ff7,2023-12-31T01:30:00+00:00,minute,49.0,provisional_no_snapshot,ready
nbs_pmi_2024_01,nbs_pmi,2024-01,https://www.stats.gov.cn/sj/zxfb/202401/t20240131_1947009.html,2026-09-04T13:07:03.821534+00:00,b0dc7bd0a4655b8d71ca6c336e9c22b5673aba8fe0f0d7fd6ccb22324807d7f9,2024-01-31T01:30:00+00:00,minute,49.2,provisional_no_snapshot,ready
nbs_pmi_2024_02,nbs_pmi,2024-02,https://www.stats.gov.cn/sj/zxfb/202403/t20240318_1948006.html,2026-09-04T13:07:07.228391+00:00,134c65af9a125639dea472d1b83e3b91bb1bc2d98fef8694839972dffc551cdf,2024-03-01T01:30:00+00:00,minute,49.1,provisional_no_snapshot,ready
nbs_pmi_2024_03,nbs_pmi,2024-03,https://www.stats.gov.cn/sj/zxfb/202404/t20240411_1948446.html,2026-09-04T13:07:10.760959+00:00,379d3a7a6ae0db1ad221c4fb554d44e9c1a0b62b4a69c16b0ca21b3224b1ae1d,2024-03-31T01:30:00+00:00,minute,50.8,provisional_no_snapshot,ready
nbs_pmi_2024_04,nbs_pmi,2024-04,https://www.stats.gov.cn/sj/zxfb/202404/t20240430_1948787.html,2026-09-04T13:07:11.190306+00:00,1bcdd0994a7560efe3c8e228c021da7b6374e2aa8d65b10205cb8b91161a7118,2024-04-30T01:30:00+00:00,minute,50.4,provisional_no_snapshot,ready
nbs_pmi_2024_05,nbs_pmi,2024-05,https://www.stats.gov.cn/sj/zxfb/202405/t20240531_1954176.html,2026-09-04T13:07:11.482888+00:00,149ffc8999ab282b2054103acbfeb84efb463f6416ce0a39e86707772dd527f2,2024-05-31T01:30:00+00:00,minute,49.5,provisional_no_snapshot,ready
nbs_pmi_2024_06,nbs_pmi,2024-06,https://www.stats.gov.cn/sj/zxfb/202406/t20240630_1955251.html,2026-09-04T13:07:11.844931+00:00,8ff0aeed443742020fc22727cf0b1d0b3859f18b04d2c13b137a40db1bb7353f,2024-06-30T01:30:00+00:00,minute,49.5,provisional_no_snapshot,ready
nbs_pmi_2024_07,nbs_pmi,2024-07,https://www.stats.gov.cn/sj/zxfb/202407/t20240731_1955901.html,2026-09-04T13:07:12.178003+00:00,6b8e3553853e42674fb2357f69b2019952738085c6ae934e6912dce921595ac2,2024-07-31T01:30:00+00:00,minute,49.4,provisional_no_snapshot,ready
nbs_pmi_2024_08,nbs_pmi,2024-08,https://www.stats.gov.cn/sj/zxfb/202408/t20240831_1956161.html,2026-09-04T13:07:12.506488+00:00,2ae1871f300dc87af8612bcd608ba19c22de6236b04f07da6df7652c0cb06451,2024-08-31T01:30:00+00:00,minute,49.1,provisional_no_snapshot,ready
nbs_pmi_2024_09,nbs_pmi,2024-09,https://www.stats.gov.cn/sj/zxfb/202409/t20240930_1956798.html,2026-09-04T13:07:12.927042+00:00,775167727ed3d668c2ff872f582fbae1be32049782cc3c72132e1eb5e2ad3da6,2024-09-30T01:30:00+00:00,minute,49.8,provisional_no_snapshot,ready
nbs_pmi_2024_10,nbs_pmi,2024-10,https://www.stats.gov.cn/sj/zxfb/202410/t20241031_1957214.html,2026-09-04T13:07:13.318438+00:00,208f2f44639d1858f9ee14586418f7a68bcadc76d681296f46a8de7da8adf019,2024-10-31T01:30:00+00:00,minute,50.1,provisional_no_snapshot,ready
nbs_pmi_2024_11,nbs_pmi,2024-11,https://www.stats.gov.cn/sj/zxfb/202411/t20241130_1957624.html,2026-09-04T13:07:16.746925+00:00,02757871f581c935114c4556119c4dbd17be18bf75c4eaaa690a1d6152a2d60f,2024-11-30T01:30:00+00:00,minute,50.3,provisional_no_snapshot,ready
nbs_pmi_2024_12,nbs_pmi,2024-12,https://www.stats.gov.cn/sj/zxfb/202412/t20241231_1958118.html,2026-09-04T13:07:17.113375+00:00,82f6ec8b2368cbe66ea7cb3d813c7ba1cb426512b7479a531df26b8999e02f02,2024-12-31T01:30:00+00:00,minute,50.1,provisional_no_snapshot,ready
nbs_pmi_2025_01,nbs_pmi,2025-01,https://www.stats.gov.cn/sj/zxfb/202501/t20250127_1958493.html,2026-09-04T13:07:20.692118+00:00,d8d2b0f5c9f237d7a24482b5555fd61b9606d0922c7e13d9cee002bec4374aea,2025-01-27T01:30:00+00:00,minute,49.1,provisional_no_snapshot,ready
nbs_pmi_2025_02,nbs_pmi,2025-02,https://www.stats.gov.cn/sj/zxfb/202503/t20250301_1958837.html,2026-09-04T13:07:24.235274+00:00,10a8223085e9fd8fa3f5da8d2c238b6ce379d249f191cb9ff57060019018713e,2025-03-01T01:30:00+00:00,minute,50.2,provisional_no_snapshot,ready
nbs_pmi_2025_03,nbs_pmi,2025-03,https://www.stats.gov.cn/sj/zxfb/202503/t20250331_1959176.html,2026-09-04T13:07:24.626970+00:00,26903aaacd5a4864ec9abe5ec6e590c3cb9dbad98b87f6eda641ab2f9b99de92,2025-03-31T01:30:00+00:00,minute,50.5,provisional_no_snapshot,ready
nbs_pmi_2025_04,nbs_pmi,2025-04,https://www.stats.gov.cn/sj/zxfb/202504/t20250430_1959521.html,2026-09-04T13:07:24.943956+00:00,618974507edb00338b07e897f5ba0b3ad500652d246246a3598b0be1d45542e8,2025-04-30T01:30:00+00:00,minute,49.0,provisional_no_snapshot,ready
nbs_pmi_2025_05,nbs_pmi,2025-05,https://www.stats.gov.cn/sj/zxfb/202505/t20250531_1959985.html,2026-09-04T13:07:25.376967+00:00,81017fab6ebc9e290ac6acffc7dc872217cab9dd60c25db6ef4aa38d3886c395,2025-05-31T01:30:00+00:00,minute,49.5,provisional_no_snapshot,ready
nbs_pmi_2025_06,nbs_pmi,2025-06,https://www.stats.gov.cn/sj/zxfb/202506/t20250630_1960283.html,2026-09-04T13:07:25.667102+00:00,98084f5319dbd803824aaf120e15615dc01d744251dd571cedb2343866436078,2025-06-30T01:30:00+00:00,minute,49.7,provisional_no_snapshot,ready
nbs_pmi_2025_07,nbs_pmi,2025-07,https://www.stats.gov.cn/sj/zxfb/202507/t20250731_1960551.html,2026-09-04T13:07:25.958925+00:00,fe577ea4ea31ed2b0bcf45f3678e621a41b659ba5300f867c24bc3c39a59208a,2025-07-31T01:30:00+00:00,minute,49.3,provisional_no_snapshot,ready
nbs_pmi_2025_08,nbs_pmi,2025-08,https://www.stats.gov.cn/sj/zxfb/202508/t20250831_1960937.html,2026-09-04T13:07:26.222403+00:00,83490e266e9135f6b611ece6076469e42632869738296368854a73de3de82e30,2025-08-31T01:30:00+00:00,minute,49.4,provisional_no_snapshot,ready
nbs_pmi_2025_09,nbs_pmi,2025-09,https://www.stats.gov.cn/sj/zxfb/202509/t20250930_1961438.html,2026-09-04T13:07:26.496319+00:00,8c0f9ed515de9f4a6fc6aedbf5b11e4b12e04ca8ae1d41eebaade80533c45499,2025-09-30T01:30:00+00:00,minute,49.8,provisional_no_snapshot,ready
nbs_pmi_2025_10,nbs_pmi,2025-10,https://www.stats.gov.cn/sj/zxfb/202510/t20251031_1961740.html,2026-09-04T13:07:30.095085+00:00,98ca301f397da6ae47228f2292dcf861de2daabad1de2efc78865ce657c6bbae,2025-10-31T01:30:00+00:00,minute,49.0,provisional_no_snapshot,ready
nbs_pmi_2025_11,nbs_pmi,2025-11,https://www.stats.gov.cn/sj/zxfb/202511/t20251130_1961945.html,2026-09-04T13:07:33.460387+00:00,614dd2493810bd71001459b3b5c98ea1e83d0878c163bc8cb9d31a5dbc827e00,2025-11-30T01:30:00+00:00,minute,49.2,provisional_no_snapshot,ready
nbs_pmi_2025_12,nbs_pmi,2025-12,https://www.stats.gov.cn/sj/zxfb/202512/t20251231_1962218.html,2026-09-04T13:07:36.970646+00:00,c0ddfab5bf8aba69ac58403c3bc514c5d2a8dac060b4fb26337d75a421c6a249,2025-12-31T01:30:00+00:00,minute,50.1,provisional_no_snapshot,ready
nbs_cpi_2018_01,nbs_cpi,2018-01,https://www.stats.gov.cn/sj/zxfb/202302/t20230203_1899845.html,2026-09-04T13:07:40.323070+00:00,e2aa4cfd58702d91caed881d44cdaa6a809a14d4eeb6f5512a7f1c86f0f78e4d,2018-02-09T01:30:00+00:00,minute,1.5,provisional_no_snapshot,ready
nbs_cpi_2018_02,nbs_cpi,2018-02,https://www.stats.gov.cn/sj/zxfb/202302/t20230203_1899858.html,2026-09-04T13:07:40.638925+00:00,4b1fe4681dcd72cfe7d586baaf88e2017ac66b8a2167bb9b5210a1fe4e42a19b,2018-03-09T01:30:00+00:00,minute,2.9,provisional_no_snapshot,ready
nbs_cpi_2018_03,nbs_cpi,2018-03,https://www.stats.gov.cn/sj/zxfb/202302/t20230203_1899887.html,2026-09-04T13:07:41.045246+00:00,5e76b9f4900e8d25521eef55d42513f99e223916620eb2c3a6c9fad39ccca140,2018-04-11T01:30:00+00:00,minute,2.1,provisional_no_snapshot,ready
nbs_cpi_2018_04,nbs_cpi,2018-04,https://www.stats.gov.cn/sj/zxfb/202302/t20230203_1899929.html,2026-09-04T13:07:41.304072+00:00,18f037db19e65835f85684d8569bdda3f689a47fc6e3d5a500164981a5ae9350,2018-05-10T01:30:00+00:00,minute,1.8,provisional_no_snapshot,ready
nbs_cpi_2018_05,nbs_cpi,2018-05,https://www.stats.gov.cn/sj/zxfb/202302/t20230203_1899956.html,2026-09-04T13:07:41.599599+00:00,abf79f6ef18c8b0a0012ab486476663d4e870043377fff709bcfd6e9bffab7ab,2018-06-09T01:30:00+00:00,minute,1.8,provisional_no_snapshot,ready
nbs_cpi_2018_06,nbs_cpi,2018-06,https://www.stats.gov.cn/sj/zxfb/202302/t20230203_1899983.html,2026-09-04T13:07:41.856425+00:00,04432fcd36f35efb74f0b0ef953a5ce88167e74f48f9838bbe472661abe2bf02,2018-07-10T01:30:00+00:00,minute,1.9,provisional_no_snapshot,ready
nbs_cpi_2018_07,nbs_cpi,2018-07,https://www.stats.gov.cn/sj/zxfb/202302/t20230203_1900018.html,2026-09-04T13:07:42.121524+00:00,8df045298b59af12db195ab783b80a1df04a3e984741d113f5edfae879de869b,2018-08-09T01:30:00+00:00,minute,2.1,provisional_no_snapshot,ready
nbs_cpi_2018_08,nbs_cpi,2018-08,https://www.stats.gov.cn/sj/zxfb/202302/t20230203_1900062.html,2026-09-04T13:07:42.373836+00:00,7ab8877c76b3958272eff06b5ff401a92585357e475b400218e9d3206075c54e,2018-09-10T01:30:00+00:00,minute,2.3,provisional_no_snapshot,ready
nbs_cpi_2018_09,nbs_cpi,2018-09,https://www.stats.gov.cn/sj/zxfb/202302/t20230203_1900100.html,2026-09-04T13:07:42.647671+00:00,8a9dc1021df7ba11206eb51ac3a53a60893d61a1a2cdf3f9e368d20b700d094c,2018-10-16T01:30:00+00:00,minute,2.5,provisional_no_snapshot,ready
nbs_cpi_2018_10,nbs_cpi,2018-10,https://www.stats.gov.cn/sj/zxfb/202302/t20230203_1900132.html,2026-09-04T13:07:42.882439+00:00,9279eddb534127fda11403582eb36fc737b735036b0203c42421c5ea0e42fdfd,2018-11-09T01:30:00+00:00,minute,2.5,provisional_no_snapshot,ready
nbs_cpi_2018_11,nbs_cpi,2018-11,https://www.stats.gov.cn/sj/zxfb/202302/t20230203_1900162.html,2026-09-04T13:07:43.170411+00:00,0ba2d33a17cb046f9a2fdf853190cd25da477386f2475945f1ad298483729ca6,2018-12-09T01:30:00+00:00,minute,2.2,provisional_no_snapshot,ready
nbs_cpi_2018_12,nbs_cpi,2018-12,https://www.stats.gov.cn/sj/zxfb/202302/t20230203_1900194.html,2026-09-04T13:07:46.528497+00:00,6fc7b165472c8b8f9cb13652a965bb090d6a5be3e09948ad97728b93aeab38c9,2019-01-10T01:30:00+00:00,minute,1.9,provisional_no_snapshot,ready
nbs_cpi_2019_01,nbs_cpi,2019-01,https://www.stats.gov.cn/sj/zxfb/202302/t20230203_1900235.html,2026-09-04T13:07:50.020405+00:00,b9e22f52f9e1cd21bfea6f34dd8c18084a3468884c26086e868b53ad68061ebe,2019-02-15T01:30:00+00:00,minute,1.7,provisional_no_snapshot,ready
nbs_cpi_2019_02,nbs_cpi,2019-02,https://www.stats.gov.cn/sj/zxfb/202302/t20230203_1900246.html,2026-09-04T13:07:53.368808+00:00,1454bd781f3ac1e645ae19994f255a28e3cc54c8f93390ccdd0a842c08fc6c34,2019-03-09T01:30:00+00:00,minute,1.5,provisional_no_snapshot,ready
nbs_cpi_2019_03,nbs_cpi,2019-03,https://www.stats.gov.cn/sj/zxfb/202302/t20230203_1900270.html,2026-09-04T13:07:56.774374+00:00,b72e38de2159f992ffd0849181f8449e65bc53c49cc66145f2d61b3d00a587ed,2019-04-11T01:30:00+00:00,minute,2.3,provisional_no_snapshot,ready
nbs_cpi_2019_04,nbs_cpi,2019-04,https://www.stats.gov.cn/sj/zxfb/202302/t20230203_1900307.html,2026-09-04T13:08:00.151005+00:00,a2d9bba5dae65e9030ea2c3412f9d163c3f3ac31096382297faa304ef54bdce2,2019-05-09T01:30:00+00:00,minute,2.5,provisional_no_snapshot,ready
nbs_cpi_2019_05,nbs_cpi,2019-05,https://www.stats.gov.cn/sj/zxfb/202302/t20230203_1900334.html,2026-09-04T13:08:03.559754+00:00,9378cfeb2e20d46caa6af41b0c98f793e2a1e91cfcfede4767c91e9499265367,2019-06-12T01:30:00+00:00,minute,2.7,provisional_no_snapshot,ready
nbs_cpi_2019_06,nbs_cpi,2019-06,https://www.stats.gov.cn/sj/zxfb/202302/t20230203_1900361.html,2026-09-04T13:08:03.832257+00:00,f264fb6ced9d2ca910e321f69b5b81937875fbb732ab9085c8f6770622906103,2019-07-10T01:30:00+00:00,minute,2.7,provisional_no_snapshot,ready
nbs_cpi_2019_07,nbs_cpi,2019-07,https://www.stats.gov.cn/sj/zxfb/202302/t20230203_1900409.html,2026-09-04T13:08:04.148834+00:00,73a7aaa70943660992a5b78fc59148a3cb57c24827abc15452ad8aa0801592bb,2019-08-09T01:30:00+00:00,minute,2.8,provisional_no_snapshot,ready
nbs_cpi_2019_08,nbs_cpi,2019-08,https://www.stats.gov.cn/sj/zxfb/202302/t20230203_1900443.html,2026-09-04T13:08:04.407570+00:00,312f64bcf14b2a800053916a6f62ad7477affeded97f69aa8ac129defad15fb7,2019-09-10T01:30:00+00:00,minute,2.8,provisional_no_snapshot,ready
nbs_cpi_2019_09,nbs_cpi,2019-09,https://www.stats.gov.cn/sj/zxfb/202302/t20230203_1900468.html,2026-09-04T13:08:04.766247+00:00,5b8c90587dd047f313594e7df2e2e363155f822a33e9e1e507a9c1067f82e250,2019-10-15T01:30:00+00:00,minute,3.0,provisional_no_snapshot,ready
nbs_cpi_2019_10,nbs_cpi,2019-10,https://www.stats.gov.cn/sj/zxfb/202302/t20230203_1900504.html,2026-09-04T13:08:05.006950+00:00,c7285a98712a38d2d3c49a30911a018ded814cc5c52f8f4591ca6bcea803d28b,2019-11-09T01:30:00+00:00,minute,3.8,provisional_no_snapshot,ready
nbs_cpi_2019_11,nbs_cpi,2019-11,https://www.stats.gov.cn/xxgk/sjfb/zxfb2020/201912/t20191210_1767565.html,2026-09-04T13:08:08.372546+00:00,0e6ef06e3558d73490d13ff98560afd2726d3f7c3574477b676dfaa1aa556ea2,2019-12-10,date,4.5,provisional_no_snapshot,ready
nbs_cpi_2019_12,nbs_cpi,2019-12,https://www.stats.gov.cn/sj/zxfb/202302/t20230203_1900584.html,2026-09-04T13:08:11.733004+00:00,d36c455e9d46004153158c00116f0c6273a1330bbd4ca2e244010e30b8869fb4,2020-01-09T01:30:00+00:00,minute,4.5,provisional_no_snapshot,ready
nbs_cpi_2020_01,nbs_cpi,2020-01,https://www.stats.gov.cn/sj/zxfb/202302/t20230203_1900631.html,2026-09-04T13:08:15.187815+00:00,d23f22d7e13d24632be89510cf8c898591d78073b856375bbfe1183c22a45b70,2020-02-10T01:30:00+00:00,minute,5.4,provisional_no_snapshot,ready
nbs_cpi_2020_02,nbs_cpi,2020-02,https://www.stats.gov.cn/sj/zxfb/202302/t20230203_1900647.html,2026-09-04T13:08:18.530060+00:00,c281647fb6cfe96db687ad565aa2f656f0837ccb8531d18fc477358ced5020e9,2020-03-10T01:30:00+00:00,minute,5.2,provisional_no_snapshot,ready
nbs_cpi_2020_03,nbs_cpi,2020-03,https://www.stats.gov.cn/sj/zxfb/202302/t20230203_1900673.html,2026-09-04T13:08:22.559282+00:00,22c9a4de8a2ee2ec247d4e24d336ea602666fbc6fb997ff0d0b4e7af0bb71142,2020-04-10T01:30:00+00:00,minute,4.3,provisional_no_snapshot,ready
nbs_cpi_2020_04,nbs_cpi,2020-04,https://www.stats.gov.cn/sj/zxfb/202302/t20230203_1900714.html,2026-09-04T13:08:26.257544+00:00,8494bdb75506766e43d938625c906d1be94ab3cd600a4b8bbed52a82c975a7c9,2020-05-12T01:30:00+00:00,minute,3.3,provisional_no_snapshot,ready
nbs_cpi_2020_05,nbs_cpi,2020-05,https://www.stats.gov.cn/sj/zxfb/202302/t20230203_1900746.html,2026-09-04T13:08:29.837953+00:00,b1a32faa91c50024cfbe368e9ebc8f5716478029d361cc8203c20d6e44f0714d,2020-06-10T01:30:00+00:00,minute,2.4,provisional_no_snapshot,ready
nbs_cpi_2020_06,nbs_cpi,2020-06,https://www.stats.gov.cn/sj/zxfb/202302/t20230203_1900770.html,2026-09-04T13:08:33.329449+00:00,7f272ad3b341c409ef330062e9f94ed83fdc365dff1b2a9469da99693e6b008d,2020-07-09T01:30:00+00:00,minute,2.5,provisional_no_snapshot,ready
nbs_cpi_2020_07,nbs_cpi,2020-07,https://www.stats.gov.cn/sj/zxfb/202302/t20230203_1900813.html,2026-09-04T13:08:37.140771+00:00,4f486b6442066802fc033dd0322b0ab98d1d1a6690772c98db49afb3136ad25d,2020-08-10T01:30:00+00:00,minute,2.7,provisional_no_snapshot,ready
nbs_cpi_2020_08,nbs_cpi,2020-08,https://www.stats.gov.cn/sj/zxfb/202302/t20230203_1900841.html,2026-09-04T13:08:40.817241+00:00,ed9a48b5e342f55dcab9d96d64ae705d9bf748846163de9ccca83be7b5f2c405,2020-09-09T01:30:00+00:00,minute,2.4,provisional_no_snapshot,ready
nbs_cpi_2020_09,nbs_cpi,2020-09,https://www.stats.gov.cn/sj/zxfb/202302/t20230203_1900867.html,2026-09-04T13:08:44.453560+00:00,5eca69a7c30bf34b040511f369d94b7ed13a060f45391952358c3a42882af05a,2020-10-15T01:30:00+00:00,minute,1.7,provisional_no_snapshot,ready
nbs_cpi_2020_10,nbs_cpi,2020-10,https://www.stats.gov.cn/sj/zxfb/202302/t20230203_1900902.html,2026-09-04T13:08:47.951819+00:00,0f06bcf471154508bb77b9d8656621b715becbd173189bb1b11e70dbdc98b152,2020-11-10T01:30:00+00:00,minute,0.5,provisional_no_snapshot,ready
nbs_cpi_2020_11,nbs_cpi,2020-11,https://www.stats.gov.cn/sj/zxfb/202302/t20230203_1900924.html,2026-09-04T13:08:51.575528+00:00,9d530e85dceacdfba683f48571b7bd1cd48165793326752edef093f59c8a4689,2020-12-09T01:30:00+00:00,minute,-0.5,provisional_no_snapshot,ready
nbs_cpi_2020_12,nbs_cpi,2020-12,https://www.stats.gov.cn/sj/zxfb/202302/t20230203_1900958.html,2026-09-04T13:08:55.129251+00:00,1d8345151828438e04fd69c9519cf1cb6b6e214afb99ce307a86913d1a095505,2021-01-11T01:30:00+00:00,minute,0.2,provisional_no_snapshot,ready
nbs_cpi_2021_01,nbs_cpi,2021-01,https://www.stats.gov.cn/sj/zxfb/202302/t20230203_1900992.html,2026-09-04T13:08:58.607613+00:00,a640e786d4b9100909c425a6445c4d60ae29f9419f56d18548a9dc4f557e399b,2021-02-10T01:30:00+00:00,minute,-0.3,provisional_no_snapshot,ready
nbs_cpi_2021_02,nbs_cpi,2021-02,https://www.stats.gov.cn/sj/zxfb/202302/t20230203_1901015.html,2026-09-04T13:09:02.044321+00:00,3be5bec80293d11e263f61710f1695047fac925276f950b0cc177db354082d8c,2021-03-10T01:30:00+00:00,minute,-0.2,provisional_no_snapshot,ready
nbs_cpi_2021_03,nbs_cpi,2021-03,https://www.stats.gov.cn/sj/zxfb/202302/t20230203_1901040.html,2026-09-04T13:09:05.576338+00:00,d2780fb62fce284eed5584d4d8888bb51796fd0e6a0e4a514ef9076fcd86b852,2021-04-09T01:30:00+00:00,minute,0.4,provisional_no_snapshot,ready
nbs_cpi_2021_04,nbs_cpi,2021-04,https://www.stats.gov.cn/sj/zxfb/202302/t20230203_1901077.html,2026-09-04T13:09:09.152036+00:00,76aedafc3637d4a35f5f897549f4193a1cf4369548d581142290fb2fb5d65ced,2021-05-11T01:30:00+00:00,minute,0.9,provisional_no_snapshot,ready
nbs_cpi_2021_05,nbs_cpi,2021-05,https://www.stats.gov.cn/sj/zxfb/202302/t20230203_1901120.html,2026-09-04T13:09:12.618368+00:00,179c8ab86b7cdf14f674fabfe1fa844586f98688fd2a860dc761fae224f02631,2021-06-09T01:30:00+00:00,minute,1.3,provisional_no_snapshot,ready
nbs_cpi_2021_06,nbs_cpi,2021-06,https://www.stats.gov.cn/sj/zxfb/202302/t20230203_1901146.html,2026-09-04T13:09:16.151991+00:00,d570c60c23c4a8d9d2d65c0a28cdb24e13895a521b6ef50cf7a1a9ca1578333d,2021-07-09T01:30:00+00:00,minute,1.1,provisional_no_snapshot,ready
nbs_cpi_2021_07,nbs_cpi,2021-07,https://www.stats.gov.cn/sj/zxfb/202302/t20230203_1901184.html,2026-09-04T13:09:19.673363+00:00,697a79ed7f40b4312f5624984f6163a4852baca8b83ec1e9ce77b43d570781c5,2021-08-09T01:30:00+00:00,minute,1.0,provisional_no_snapshot,ready
nbs_cpi_2021_08,nbs_cpi,2021-08,https://www.stats.gov.cn/sj/zxfb/202302/t20230203_1901211.html,2026-09-04T13:09:23.139246+00:00,a5208b10e47f82f70df38c01f220b6432406853db0d569727c0d983467ba8685,2021-09-09T01:30:00+00:00,minute,0.8,provisional_no_snapshot,ready
nbs_cpi_2021_09,nbs_cpi,2021-09,https://www.stats.gov.cn/sj/zxfb/202302/t20230203_1901237.html,2026-09-04T13:09:23.620417+00:00,64830b49d56731fdeb911888d5c568bcda079b2fadff13bddeef8d3aad33f5f3,2021-10-14T01:30:00+00:00,minute,0.7,provisional_no_snapshot,ready
nbs_cpi_2021_10,nbs_cpi,2021-10,https://www.stats.gov.cn/sj/zxfb/202302/t20230203_1901272.html,2026-09-04T13:09:24.025143+00:00,386583705663bd93625282211d5898303eec91728fcdc2c3b74fa5335d704f45,2021-11-10T01:30:00+00:00,minute,1.5,provisional_no_snapshot,ready
nbs_cpi_2021_11,nbs_cpi,2021-11,https://www.stats.gov.cn/sj/zxfb/202302/t20230203_1901296.html,2026-09-04T13:09:24.454097+00:00,de14484e242d2c89ff7dedc27f52abe05a2fe0d4b97f49b075ba8924b6fca03b,2021-12-09T01:30:00+00:00,minute,2.3,provisional_no_snapshot,ready
nbs_cpi_2021_12,nbs_cpi,2021-12,https://www.stats.gov.cn/sj/zxfb/202302/t20230203_1901328.html,2026-09-04T13:09:24.857257+00:00,15935b37f25fc2a8282b40f5c6104c1f2fcc5f9e312a3a8131cd8b3d642724b6,2022-01-12T01:30:00+00:00,minute,1.5,provisional_no_snapshot,ready
nbs_cpi_2022_01,nbs_cpi,2022-01,https://www.stats.gov.cn/sj/zxfb/202302/t20230203_1901367.html,2026-09-04T13:09:25.152319+00:00,c22b4af63bf21e3b607f8ac4e49b9634964027f2e96633c98d200b111b8d21d8,2022-02-16T01:30:00+00:00,minute,0.9,provisional_no_snapshot,ready
nbs_cpi_2022_02,nbs_cpi,2022-02,https://www.stats.gov.cn/sj/zxfb/202302/t20230203_1901398.html,2026-09-04T13:09:25.526404+00:00,df0d951e2ff874c37e1ba03a721186ac06cca64b9e3b5d87c24de4539ec8ebff,2022-03-09T01:30:00+00:00,minute,0.9,provisional_no_snapshot,ready
nbs_cpi_2022_03,nbs_cpi,2022-03,https://www.stats.gov.cn/sj/zxfb/202302/t20230203_1901421.html,2026-09-04T13:09:25.901666+00:00,43e950d630810554678fa7bd6ba93c1c6509bd88bcecf68e73d686e5662083cf,2022-04-11T01:30:00+00:00,minute,1.5,provisional_no_snapshot,ready
nbs_cpi_2022_04,nbs_cpi,2022-04,https://www.stats.gov.cn/sj/zxfb/202302/t20230203_1901456.html,2026-09-04T13:09:26.205927+00:00,fdfde738830be5b0a8a915cd30014383c62ac488031bc8752f59939a7abbb213,2022-05-11T01:30:00+00:00,minute,2.1,provisional_no_snapshot,ready
nbs_cpi_2022_05,nbs_cpi,2022-05,https://www.stats.gov.cn/sj/zxfb/202302/t20230203_1901482.html,2026-09-04T13:09:26.617355+00:00,48f599d283e3be12636d5f9ab4a29bd6507836e0ff155c305efeb6e2c7a50639,2022-06-10T01:30:00+00:00,minute,2.1,provisional_no_snapshot,ready
nbs_cpi_2022_06,nbs_cpi,2022-06,https://www.stats.gov.cn/sj/zxfb/202302/t20230203_1901504.html,2026-09-04T13:09:26.981436+00:00,7127f51d879357cefaaf20a2e3acf2b920a5e9e258065ab2b24c3d2d97f1374f,2022-07-09T01:30:00+00:00,minute,2.5,provisional_no_snapshot,ready
nbs_cpi_2022_07,nbs_cpi,2022-07,https://www.stats.gov.cn/sj/zxfb/202302/t20230203_1901542.html,2026-09-04T13:09:27.334118+00:00,e073fe50f9f9b12ec680c8a9e3feaa44855cf52a5aa471e33c9b83c5a64a0569,2022-08-10T01:30:00+00:00,minute,2.7,provisional_no_snapshot,ready
nbs_cpi_2022_08,nbs_cpi,2022-08,https://www.stats.gov.cn/sj/zxfb/202302/t20230203_1901570.html,2026-09-04T13:09:27.604807+00:00,230624f7883153715f55d787377c2ff4d035a20c35fe0337c85605a5975259ed,2022-09-09T01:30:00+00:00,minute,2.5,provisional_no_snapshot,ready
nbs_cpi_2022_09,nbs_cpi,2022-09,https://www.stats.gov.cn/sj/zxfb/202302/t20230203_1901613.html,2026-09-04T13:09:27.879995+00:00,ab4ce587d1a17ea81de4f0fb6114600bb891b07180e8a8e2e8a51719fa0451cf,2022-10-14T01:30:00+00:00,minute,2.8,provisional_no_snapshot,ready
nbs_cpi_2022_10,nbs_cpi,2022-10,https://www.stats.gov.cn/sj/zxfb/202302/t20230203_1901647.html,2026-09-04T13:09:31.315848+00:00,e6b220b9e1bb0001393bf541095008619d42fbbf65a8a5f27a27a4e2571cd57b,2022-11-09T01:30:00+00:00,minute,2.1,provisional_no_snapshot,ready
nbs_cpi_2022_11,nbs_cpi,2022-11,https://www.stats.gov.cn/sj/zxfb/202302/t20230203_1901670.html,2026-09-04T13:09:31.671591+00:00,d606417b9601d24111b7c381200912427964d2ce3730a281c90f64c0884c8c16,2022-12-09T01:30:00+00:00,minute,1.6,provisional_no_snapshot,ready
nbs_cpi_2022_12,nbs_cpi,2022-12,https://www.stats.gov.cn/sj/zxfb/202302/t20230203_1901703.html,2026-09-04T13:09:31.979500+00:00,e4b671b6e2f62efb21c732c42c57aa209369571fe1405c0d5855cf6fae5b2f28,2023-01-12T01:30:00+00:00,minute,1.8,provisional_no_snapshot,ready
nbs_cpi_2023_01,nbs_cpi,2023-01,https://www.stats.gov.cn/sj/zxfb/202302/t20230220_1913661.html,2026-09-04T13:09:32.354752+00:00,d832d70da25119f02e15ab0e4c3abec46cb73ab6cdaa7607b61d3285befe76d5,2023-02-10T01:30:00+00:00,minute,2.1,provisional_no_snapshot,ready
nbs_cpi_2023_02,nbs_cpi,2023-02,https://www.stats.gov.cn/sj/zxfb/202303/t20230309_1936952.html,2026-09-04T13:09:35.832358+00:00,350d5dfa85055262f5d1e27b0a24f3ba596fa601025756c3f9c62f5036942fea,2023-03-09T01:30:00+00:00,minute,1.0,provisional_no_snapshot,ready
nbs_cpi_2023_03,nbs_cpi,2023-03,https://www.stats.gov.cn/sj/zxfb/202304/t20230411_1938507.html,2026-09-04T13:09:39.535592+00:00,d225669224f3225bcc3c5cfc594515637fa6750e64d877dfbcf0b094e8ee3e0f,2023-04-11T01:30:00+00:00,minute,0.7,provisional_no_snapshot,ready
nbs_cpi_2023_04,nbs_cpi,2023-04,https://www.stats.gov.cn/sj/zxfb/202305/t20230511_1939347.html,2026-09-04T13:09:40.058241+00:00,456ecd4a5e60a67767b4d70ece8b7361ae208286a86d77ee65fa906c7f28ef2b,2023-05-11T01:30:00+00:00,minute,0.1,provisional_no_snapshot,ready
nbs_cpi_2023_05,nbs_cpi,2023-05,https://www.stats.gov.cn/sj/zxfb/202306/t20230609_1940479.html,2026-09-04T13:09:40.412069+00:00,ab9359fd345c2416c5cf0360486376e87372aa640009cef63406f2d63a7da411,2023-06-09T01:30:00+00:00,minute,0.2,provisional_no_snapshot,ready
nbs_cpi_2023_06,nbs_cpi,2023-06,https://www.stats.gov.cn/sj/zxfb/202307/t20230710_1941147.html,2026-09-04T13:09:40.743307+00:00,a4368693909db0bb86f6c414f6d7b2671eb576a6c6ea29f0bf08b9f500f81d8c,2023-07-10T01:30:00+00:00,minute,0.0,provisional_no_snapshot,ready
nbs_cpi_2023_07,nbs_cpi,2023-07,https://www.stats.gov.cn/sj/zxfb/202308/t20230809_1941863.html,2026-09-04T13:09:41.107287+00:00,402364c852fbc3efa7023b7f2f34f2acb49a39c67ce23816d7ad79aaea256475,2023-08-09T01:30:00+00:00,minute,-0.3,provisional_no_snapshot,ready
nbs_cpi_2023_08,nbs_cpi,2023-08,https://www.stats.gov.cn/sj/zxfb/202309/t20230909_1942695.html,2026-09-04T13:09:44.532287+00:00,79903cdb6b0f79a6633822a22c22d04d8f53f123a2ebf77ef30b0a43ad5f0b9b,2023-09-09T01:30:00+00:00,minute,0.1,provisional_no_snapshot,ready
nbs_cpi_2023_09,nbs_cpi,2023-09,https://www.stats.gov.cn/sj/zxfb/202310/t20231013_1943548.html,2026-09-04T13:09:48.013062+00:00,4e552baca76bfb856a8e282e21f8e1f17d2f2baeb9b891e24ffb06d32808afcc,2023-10-13T01:30:00+00:00,minute,0.0,provisional_no_snapshot,ready
nbs_cpi_2023_10,nbs_cpi,2023-10,https://www.stats.gov.cn/sj/zxfb/202311/t20231109_1944382.html,2026-09-04T13:09:51.452536+00:00,739f1dc6062e027416ab9a8082e661bf84deb5578b85e79762318b826504c0c7,2023-11-09T01:30:00+00:00,minute,-0.2,provisional_no_snapshot,ready
nbs_cpi_2023_11,nbs_cpi,2023-11,https://www.stats.gov.cn/sj/zxfb/202312/t20231209_1945394.html,2026-09-04T13:09:54.914053+00:00,8cf8757a481f00550f1cfb51e8dfca3af6272f226a4c8a31dacb88d075b14649,2023-12-09T01:30:00+00:00,minute,-0.5,provisional_no_snapshot,ready
nbs_cpi_2023_12,nbs_cpi,2023-12,https://www.stats.gov.cn/sj/zxfb/202401/t20240112_1946465.html,2026-09-04T13:09:58.379241+00:00,4d46be21f4bbaa038b0d2f619b10a1c27200eb9485e50afd1ea1cdee23fff580,2024-01-12T01:30:00+00:00,minute,-0.3,provisional_no_snapshot,ready
nbs_cpi_2024_01,nbs_cpi,2024-01,https://www.stats.gov.cn/sj/zxfb/202402/t20240208_1947623.html,2026-09-04T13:10:01.747939+00:00,e42c30e7c6ee1b407940f8f9bc40b7bef111f8a91b796c5bac428320feaad44a,2024-02-08T01:30:00+00:00,minute,-0.8,provisional_no_snapshot,ready
nbs_cpi_2024_02,nbs_cpi,2024-02,https://www.stats.gov.cn/sj/zxfb/202403/t20240321_1948077.html,2026-09-04T13:10:02.048399+00:00,878c33461e6063cbc1558eb2625276868c81182e5304ce9337d80537c5d3d927,2024-03-09T01:30:00+00:00,minute,0.7,provisional_no_snapshot,ready
nbs_cpi_2024_03,nbs_cpi,2024-03,https://www.stats.gov.cn/sj/zxfb/202404/t20240411_1948448.html,2026-09-04T13:10:02.295254+00:00,44bd3993dd6d643a1a092646e3c187f09001531d13b9d27de534b2c629856a38,2024-04-11T01:30:00+00:00,minute,0.1,provisional_no_snapshot,ready
nbs_cpi_2024_04,nbs_cpi,2024-04,https://www.stats.gov.cn/sj/zxfb/202405/t20240511_1950302.html,2026-09-04T13:10:02.609274+00:00,78fdcb03a6562f25a9c9860b974bdb9bf25498b994b170e3022f3d4c4b61c453,2024-05-11T01:30:00+00:00,minute,0.3,provisional_no_snapshot,ready
nbs_cpi_2024_05,nbs_cpi,2024-05,https://www.stats.gov.cn/sj/zxfb/202406/t20240612_1954519.html,2026-09-04T13:10:02.845305+00:00,f7ab50f46007a33838519211eba2b18676e18bed068058e9bf26c0bcfc1a634e,2024-06-12T01:30:00+00:00,minute,0.3,provisional_no_snapshot,ready
nbs_cpi_2024_06,nbs_cpi,2024-06,https://www.stats.gov.cn/sj/zxfb/202407/t20240710_1955508.html,2026-09-04T13:10:03.159369+00:00,6ba8b78f268cf87604586c8c670ce5ae283fe2ce29f09c3843c26c2295542b96,2024-07-10T01:30:00+00:00,minute,0.2,provisional_no_snapshot,ready
nbs_cpi_2024_07,nbs_cpi,2024-07,https://www.stats.gov.cn/sj/zxfb/202408/t20240809_1955948.html,2026-09-04T13:10:03.398974+00:00,10e3d67bfff2f275c8295458d207e25f3c1f6b75455cdbe2ce78d4f667cdbada,2024-08-09T01:30:00+00:00,minute,0.5,provisional_no_snapshot,ready
nbs_cpi_2024_08,nbs_cpi,2024-08,https://www.stats.gov.cn/sj/zxfb/202409/t20240909_1956311.html,2026-09-04T13:10:03.693034+00:00,cde942ed2e781513943b7599ceb1bb4b5096fa6c6fe8b2fd879be93ec9524723,2024-09-09T01:30:00+00:00,minute,0.6,provisional_no_snapshot,ready
nbs_cpi_2024_09,nbs_cpi,2024-09,https://www.stats.gov.cn/sj/zxfb/202410/t20241013_1956899.html,2026-09-04T13:10:03.952395+00:00,daa70d5e2a44af60736b510a084b58c62903b95f9dbe4450f4d725924162a01b,2024-10-13T01:30:00+00:00,minute,0.4,provisional_no_snapshot,ready
nbs_cpi_2024_10,nbs_cpi,2024-10,https://www.stats.gov.cn/sj/zxfb/202411/t20241109_1957353.html,2026-09-04T13:10:04.300076+00:00,384012d93bc45eaeb07837c2dd2793281a766aa879b1a2cacf331cdcc9ac28a1,2024-11-09T01:30:00+00:00,minute,0.3,provisional_no_snapshot,ready
nbs_cpi_2024_11,nbs_cpi,2024-11,https://www.stats.gov.cn/sj/zxfb/202412/t20241209_1957689.html,2026-09-04T13:10:04.538579+00:00,f2641365a27b4d37c97b4ea1a897aac87173f67cfa63e0c67d92fe69e192b2b6,2024-12-09T01:30:00+00:00,minute,0.2,provisional_no_snapshot,ready
nbs_cpi_2024_12,nbs_cpi,2024-12,https://www.stats.gov.cn/sj/zxfb/202501/t20250109_1958170.html,2026-09-04T13:10:04.796397+00:00,6a6d665091f0b657286e3fc5973dfb95758edf3a42fdf2e905b1325dec511b20,2025-01-09T01:30:00+00:00,minute,0.1,provisional_no_snapshot,ready
nbs_cpi_2025_01,nbs_cpi,2025-01,https://www.stats.gov.cn/sj/zxfb/202502/t20250209_1958646.html,2026-09-04T13:10:05.005030+00:00,561156821fba8b7abb85fcd91460e0f5afd542b21850851859a30085f2c95e97,2025-02-09T01:30:00+00:00,minute,0.5,provisional_no_snapshot,ready
nbs_cpi_2025_02,nbs_cpi,2025-02,https://www.stats.gov.cn/sj/zxfb/202503/t20250309_1958915.html,2026-09-04T13:10:05.321734+00:00,d175eb1313a56f2d6e69b7ac3fd64cfdc017b5d91a33ca2848450a1bcb8bf64e,2025-03-09T01:30:00+00:00,minute,-0.7,provisional_no_snapshot,ready
nbs_cpi_2025_03,nbs_cpi,2025-03,https://www.stats.gov.cn/sj/zxfb/202504/t20250410_1959261.html,2026-09-04T13:10:05.562398+00:00,68ffe70e1276e0a105e75347c658908b566fa9eb713af43cbd7f92ed6960456d,2025-04-10T01:30:00+00:00,minute,-0.1,provisional_no_snapshot,ready
nbs_cpi_2025_04,nbs_cpi,2025-04,https://www.stats.gov.cn/sj/zxfb/202505/t20250510_1959771.html,2026-09-04T13:10:05.851207+00:00,95b121662eed71e62f131999a2a065d6f6b767cd391826eb0acf2314e0e7b8e3,2025-05-10T01:30:00+00:00,minute,-0.1,provisional_no_snapshot,ready
nbs_cpi_2025_05,nbs_cpi,2025-05,https://www.stats.gov.cn/sj/zxfb/202506/t20250609_1960094.html,2026-09-04T13:10:06.093528+00:00,fb6799cae7d6b64a20fb14025a0380ca9aa854fb235a371f0cb24a08f8ff628f,2025-06-09T01:30:00+00:00,minute,-0.1,provisional_no_snapshot,ready
nbs_cpi_2025_06,nbs_cpi,2025-06,https://www.stats.gov.cn/sj/zxfb/202507/t20250709_1960370.html,2026-09-04T13:10:06.372738+00:00,e27c8565f86a81d02a4672e90bf53c4713f9b6104c041e9fa53d4a6d29a03c9c,2025-07-09T01:30:00+00:00,minute,0.1,provisional_no_snapshot,ready
nbs_cpi_2025_07,nbs_cpi,2025-07,https://www.stats.gov.cn/sj/zxfb/202508/t20250809_1960635.html,2026-09-04T13:10:06.611199+00:00,873a2ee7abe730e781bc58e4b99d8f5de124e192dcda0d0fda792e058437ee42,2025-08-09T01:30:00+00:00,minute,0.0,provisional_no_snapshot,ready
nbs_cpi_2025_08,nbs_cpi,2025-08,https://www.stats.gov.cn/sj/zxfb/202509/t20250910_1961112.html,2026-09-04T13:10:06.981310+00:00,085630553f414eee3dc1e1d95fb5a303286f4abc04bb37accb9eb3955acbe9a0,2025-09-10T01:30:00+00:00,minute,-0.4,provisional_no_snapshot,ready
nbs_cpi_2025_09,nbs_cpi,2025-09,https://www.stats.gov.cn/sj/zxfb/202510/t20251015_1961521.html,2026-09-04T13:10:07.291969+00:00,6468a275460e4da2be0c7e972b49943e56e0b5efecc809e58080e9f078e777d5,2025-10-15T01:30:00+00:00,minute,-0.3,provisional_no_snapshot,ready
nbs_cpi_2025_10,nbs_cpi,2025-10,https://www.stats.gov.cn/sj/zxfb/202511/t20251109_1961826.html,2026-09-04T13:10:07.533930+00:00,fed797abc1322f87fa2dbc585a8129e1b09961990e8c9d7579627c3b3363cce7,2025-11-09T01:30:00+00:00,minute,0.2,provisional_no_snapshot,ready
nbs_cpi_2025_11,nbs_cpi,2025-11,https://www.stats.gov.cn/sj/zxfb/202512/t20251210_1962015.html,2026-09-04T13:10:07.845845+00:00,34467011f7532958dc6921d32ed2caf1aa9c3e5869b39d3a67f246a9593c47dd,2025-12-10T01:30:00+00:00,minute,0.7,provisional_no_snapshot,ready
nbs_cpi_2025_12,nbs_cpi,2025-12,https://www.stats.gov.cn/sj/zxfb/202601/t20260109_1962273.html,2026-09-04T13:10:08.182430+00:00,029d16d76ba6c207b46be0cf4a13ca2c88ae431540aec335778644e97830da7f,2026-01-09T01:30:00+00:00,minute,0.8,provisional_no_snapshot,ready
pbc_m2_2018_01,pbc_m2,2018-01,https://www.pbc.gov.cn/diaochatongjisi/116219/116225/2d146cf183ff478b87eadfc421492f08/index.html,2026-09-04T13:10:10.665450+00:00,6c7a324fba99cd2405ba0775dcbd8d97903a46ba1a31f7b697bf3e42c54d86e5,2018-02-12T09:00:05+00:00,minute,8.6,provisional_no_snapshot,ready
pbc_m2_2018_02,pbc_m2,2018-02,https://www.pbc.gov.cn/diaochatongjisi/116219/116225/6c4d7eb51e044d8692eda435db7c8607/index.html,2026-09-04T13:10:10.858934+00:00,81162599b1809a080c14bb4d1374b501506fbca7e0cf1c07942ce786d9e7bc3c,2018-03-09T01:00:05+00:00,minute,8.8,provisional_no_snapshot,ready
pbc_m2_2018_03,pbc_m2,2018-03,https://www.pbc.gov.cn/diaochatongjisi/116219/116225/872aa7e9309d457ebc320681dac0b60b/index.html,2026-09-04T13:10:11.074707+00:00,cc64f07793f153021b57c1447f8617d5ce9a929b19318185db42f6ddedd7e53a,2018-04-13T08:00:05+00:00,minute,8.2,provisional_no_snapshot,ready
pbc_m2_2018_04,pbc_m2,2018-04,https://www.pbc.gov.cn/diaochatongjisi/116219/116225/5b38d6d862a8427fb2fc3f26a32782eb/index.html,2026-09-04T13:10:11.273655+00:00,c56d3510b5faa62e8cf60578d1ac335630aa4f4addedbb252a084234b0c3fad8,2018-05-11T09:00:02+00:00,minute,8.3,provisional_no_snapshot,ready
pbc_m2_2018_05,pbc_m2,2018-05,https://www.pbc.gov.cn/diaochatongjisi/116219/116225/39c40d9801fe43baad09db4d64a3cc30/index.html,2026-09-04T13:10:11.486753+00:00,1f81bb6c8c8a7505e17aa4f8cf7efae6420c2e96f15f665d1d160574807b9f55,2018-06-12T09:00:05+00:00,minute,8.3,provisional_no_snapshot,ready
pbc_m2_2018_06,pbc_m2,2018-06,https://www.pbc.gov.cn/diaochatongjisi/116219/116225/cdd9152e7bd74c1aab063631da872b44/index.html,2026-09-04T13:10:11.703257+00:00,4d3c968ba701ee9d94c5a76a3fc82dc8ad7477226ce2df7d720843c38c75912d,2018-07-13T08:30:05+00:00,minute,8.0,provisional_no_snapshot,ready
pbc_m2_2018_07,pbc_m2,2018-07,https://www.pbc.gov.cn/diaochatongjisi/116219/116225/2d8fe4cbe89d4ac5b57580bf88d95bad/index.html,2026-09-04T13:10:12.009942+00:00,4d66517308abed3efb8457f2130e15940e53b5ff8abcad800b867a9301162557,2018-08-13T11:26:09+00:00,minute,8.5,provisional_no_snapshot,ready
pbc_m2_2018_08,pbc_m2,2018-08,https://www.pbc.gov.cn/diaochatongjisi/116219/116225/7d686194c5ac49f185ae51c92a1aa5d1/index.html,2026-09-04T13:10:12.283271+00:00,7d4dbc58f7dd100aedccab12a02a8ab4378eaf75c124cb00bac40a3ba5999397,2018-09-12T09:00:05+00:00,minute,8.2,provisional_no_snapshot,ready
pbc_m2_2018_09,pbc_m2,2018-09,https://www.pbc.gov.cn/diaochatongjisi/116219/116225/09b04ac75bfe45d38ade1e9b6bd317f6/index.html,2026-09-04T13:10:12.535370+00:00,f9d26487b7cbb862eaa1e13074d6fcd9ac7ac04ecc4980ffb2970e7b3259c2ff,2018-10-17T08:00:03+00:00,minute,8.3,provisional_no_snapshot,ready
pbc_m2_2018_10,pbc_m2,2018-10,https://www.pbc.gov.cn/diaochatongjisi/116219/116225/a7a07c14c5f74fe5be63ee840998373e/index.html,2026-09-04T13:10:12.732192+00:00,f80634541f8d9e6834d9f2d1115ba01960b9ad0ef2bb36f1d9f1495d23884d46,2018-11-13T08:45:02+00:00,minute,8.0,provisional_no_snapshot,ready
pbc_m2_2018_11,pbc_m2,2018-11,https://www.pbc.gov.cn/diaochatongjisi/116219/116225/4e38e25701764e6f93623ccd43e02824/index.html,2026-09-04T13:10:12.916333+00:00,1ffb0c96e0ff27c617bee84d4156b452a0f5cca6a039361d36aca5bb7ab4b71c,2018-12-11T09:00:02+00:00,minute,8.0,provisional_no_snapshot,ready
pbc_m2_2018_12,pbc_m2,2018-12,https://www.pbc.gov.cn/diaochatongjisi/116219/116225/370befa3ce2042dfbc414b74f3b397b7/index.html,2026-09-04T13:10:13.383241+00:00,ff28086af36905bb53420e32bbb3c3e17efaba7ced6c476d0d3a284d81535535,2019-01-15T08:00:02+00:00,minute,8.1,provisional_no_snapshot,ready
pbc_m2_2019_01,pbc_m2,2019-01,https://www.pbc.gov.cn/diaochatongjisi/116219/116225/7edf9df774a54075bbe1ee1a2668d2de/index.html,2026-09-04T13:10:13.604236+00:00,2432fd056177f62b075098145169fa5c80915ccc57191761354e4c8db3e268a5,2019-02-15T07:02:00+00:00,minute,8.4,provisional_no_snapshot,ready
pbc_m2_2019_02,pbc_m2,2019-02,https://www.pbc.gov.cn/diaochatongjisi/116219/116225/2e1a6b1acada49c1a209632913dd7372/index.html,2026-09-04T13:10:13.798155+00:00,5830580e2dafc238bd6a18d7cc5a21fae073a8388ee7b03d860af1e693f4faef,2019-03-10T01:00:02+00:00,minute,8.0,provisional_no_snapshot,ready
pbc_m2_2019_03,pbc_m2,2019-03,https://www.pbc.gov.cn/diaochatongjisi/116219/116225/4818fd3dab79452b88397496fdd6798f/index.html,2026-09-04T13:10:13.991513+00:00,1ca1b6f667428f56df73725d7be6b20decd4bac92646739d208d3f52765229d9,2019-04-12T08:00:03+00:00,minute,8.6,provisional_no_snapshot,ready
pbc_m2_2019_04,pbc_m2,2019-04,https://www.pbc.gov.cn/diaochatongjisi/116219/116225/3c2f9ef3241c41d08397b3b59249a315/index.html,2026-09-04T13:10:14.185283+00:00,e45f590a2dd7de5ae71fa387681314e619a3e714706c407ced574033b5c0340a,2019-05-09T02:00:03+00:00,minute,8.5,provisional_no_snapshot,ready
pbc_m2_2019_05,pbc_m2,2019-05,https://www.pbc.gov.cn/diaochatongjisi/116219/116225/2edf6db10c484ffdb80a7ea24103f619/index.html,2026-09-04T13:10:14.371664+00:00,adab34c990bd947fa0d583054eb97abacbc89e85fd232d26db664cd623be93dc,2019-06-12T08:00:02+00:00,minute,8.5,provisional_no_snapshot,ready
pbc_m2_2019_06,pbc_m2,2019-06,https://www.pbc.gov.cn/diaochatongjisi/116219/116225/36f1df21079a43a9aa55ed47470fee39/index.html,2026-09-04T13:10:14.631827+00:00,bde936cae56fb3398c7113589105325baa47753bcc98b252e19f038c46090014,2019-07-12T08:00:20+00:00,minute,8.5,provisional_no_snapshot,ready
pbc_m2_2019_07,pbc_m2,2019-07,https://www.pbc.gov.cn/diaochatongjisi/116219/116225/f1bf08eb3d234190b8f5bbfda7e849c0/index.html,2026-09-04T13:10:14.819498+00:00,0d89f3a543534905afcc783bed71a669cd9b37442409a63e5cf430224e4387bf,2019-08-12T09:00:02+00:00,minute,8.1,provisional_no_snapshot,ready
pbc_m2_2019_08,pbc_m2,2019-08,https://www.pbc.gov.cn/diaochatongjisi/116219/116225/65f03fdfd3e848079dc5744d3e350433/index.html,2026-09-04T13:10:15.020620+00:00,8ba813ca0b85db8a4f05134e179c2544a366fdf68a1df92b34ad1bc164c2543f,2019-09-11T09:00:30+00:00,minute,8.2,provisional_no_snapshot,ready
pbc_m2_2019_09,pbc_m2,2019-09,https://www.pbc.gov.cn/diaochatongjisi/116219/116225/82d281896ed54b3f8df03a039330b997/index.html,2026-09-04T13:10:15.228329+00:00,2250b10b01cea26c421fe9e220b10df3793469f073755d9a022e874d56121297,2019-10-15T08:30:03+00:00,minute,8.4,provisional_no_snapshot,ready
pbc_m2_2019_10,pbc_m2,2019-10,https://www.pbc.gov.cn/diaochatongjisi/116219/116225/78851d4253ca4d19897561bd76da04cf/index.html,2026-09-04T13:10:15.427842+00:00,86bdd00571d66620acaafbd408cf8cf4de8ceeb2a1ef820969fcc090974ba27f,2019-11-11T09:00:05+00:00,minute,8.4,provisional_no_snapshot,ready
pbc_m2_2019_11,pbc_m2,2019-11,https://www.pbc.gov.cn/diaochatongjisi/116219/116225/ad8855023c7a444c9b0ca7a1aeee9d45/index.html,2026-09-04T13:10:15.680316+00:00,27a226d2cbde5bfdf5255dc9ebc078ace3ff15e128728398d53354c2734fd667,2019-12-10T09:03:12+00:00,minute,8.2,provisional_no_snapshot,ready
pbc_m2_2019_12,pbc_m2,2019-12,https://www.pbc.gov.cn/diaochatongjisi/116219/116225/e5420050caef4bd194d3493587f1ccf3/index.html,2026-09-04T13:10:15.881143+00:00,b48b7d6e04d77722c1656a2a24fe69c9124443534b80422a905ea56213f84ab5,2020-01-16T07:00:50+00:00,minute,8.7,provisional_no_snapshot,ready
pbc_m2_2020_01,pbc_m2,2020-01,https://www.pbc.gov.cn/diaochatongjisi/116219/116225/bcd66ffee22c4102b3e569236b67b5cc/index.html,2026-09-04T13:10:16.059038+00:00,071456d6b14176a715859b283909b48b2428bdd876d8d4b79d34c65f522bb2b5,2020-02-20T08:00:20+00:00,minute,8.4,provisional_no_snapshot,ready
pbc_m2_2020_02,pbc_m2,2020-02,https://www.pbc.gov.cn/diaochatongjisi/116219/116225/1a0947afef2f41a2afb51524ae22f906/index.html,2026-09-04T13:10:16.289206+00:00,f0afffd17823afe6713ddce749dd3e6c02f43b2f856e8d447d079331d4938fbe,2020-03-11T08:01:20+00:00,minute,8.8,provisional_no_snapshot,ready
pbc_m2_2020_03,pbc_m2,2020-03,https://www.pbc.gov.cn/diaochatongjisi/116219/116225/6dfb6fe26fd54d899c70f0f6c1ed48ea/index.html,2026-09-04T13:10:16.484960+00:00,9e41c3a2ef037d5502435b65f310e800a00460fa7d013abadda1d6957e01421d,2020-04-10T07:31:30+00:00,minute,10.1,provisional_no_snapshot,ready
pbc_m2_2020_04,pbc_m2,2020-04,https://www.pbc.gov.cn/diaochatongjisi/116219/116225/1ef2894f7ccc4118aeee124111981627/index.html,2026-09-04T13:10:16.728643+00:00,f98ae897a0ff8a519e192079474250f18987e837cfdeab6b92e5b84636da6f7b,2020-05-11T07:30:20+00:00,minute,11.1,provisional_no_snapshot,ready
pbc_m2_2020_05,pbc_m2,2020-05,https://www.pbc.gov.cn/diaochatongjisi/116219/116225/56bb60fda9174fbc80cf77211059ee44/index.html,2026-09-04T13:10:16.944403+00:00,182ab4b3fc7f62669efeea44c84a06579c21d0e9dde836ff6feef0449eb60d3d,2020-06-10T08:30:20+00:00,minute,11.1,provisional_no_snapshot,ready
pbc_m2_2020_06,pbc_m2,2020-06,https://www.pbc.gov.cn/diaochatongjisi/116219/116225/6fe260e946354c69b176d7084eea7796/index.html,2026-09-04T13:10:17.136567+00:00,4eeb538e9faca3a492972a54765c4228e435cd36bb0e3215b4226becfb99fab5,2020-07-10T07:30:20+00:00,minute,11.1,provisional_no_snapshot,ready
pbc_m2_2020_07,pbc_m2,2020-07,https://www.pbc.gov.cn/diaochatongjisi/116219/116225/99867bfaedbb47c9bd96e0c8f183d638/index.html,2026-09-04T13:10:17.343312+00:00,4e1743eb9737936120dae999d6b311e6a398be042e6d545d068439e1bb3db9c8,2020-08-11T08:30:50+00:00,minute,10.7,provisional_no_snapshot,ready
pbc_m2_2020_08,pbc_m2,2020-08,https://www.pbc.gov.cn/diaochatongjisi/116219/116225/be8e91f117384eac8934a50d21a75e42/index.html,2026-09-04T13:10:17.545082+00:00,69bb2f9c7cb0ce8bd47fa1ed6065ada5f147ac753d93497dc94cac72d0ae855b,2020-09-11T08:00:31+00:00,minute,10.4,provisional_no_snapshot,ready
pbc_m2_2020_09,pbc_m2,2020-09,https://www.pbc.gov.cn/diaochatongjisi/116219/116225/60a7ef6a806541ad96758ac95370721e/index.html,2026-09-04T13:10:17.778858+00:00,ba152790ad3189cb790a7d8795df5b24926a017314125f3f9a6d9d277e566452,2020-10-14T08:31:34+00:00,minute,10.9,provisional_no_snapshot,ready
pbc_m2_2020_10,pbc_m2,2020-10,https://www.pbc.gov.cn/diaochatongjisi/116219/116225/79a87e151d864ee6925342d92eaedd7e/index.html,2026-09-04T13:10:17.964564+00:00,b1298c31908c6b28fabdaf78c278cef34bfb0c05dda38ce0f43f29e4046904d4,2020-11-11T08:00:00+00:00,minute,10.5,provisional_no_snapshot,ready
pbc_m2_2020_11,pbc_m2,2020-11,https://www.pbc.gov.cn/diaochatongjisi/116219/116225/72cffad8b2fa4a3898c88321bfe06908/index.html,2026-09-04T13:10:18.185422+00:00,b8beae96cb384a919f8171a2c4258938fe2897ad8c43207e16c191e6e3fb28b4,2020-12-09T08:13:01+00:00,minute,10.7,provisional_no_snapshot,ready
pbc_m2_2020_12,pbc_m2,2020-12,https://www.pbc.gov.cn/diaochatongjisi/116219/116225/f67a498ba4df43bdbc4cc3053c6bc168/index.html,2026-09-04T13:10:18.402957+00:00,a2d373bc02204fc16b5a0a3f7140cefb02c800b42ca881028df674182c4c5779,2021-01-12T11:00:27+00:00,minute,10.1,provisional_no_snapshot,ready
pbc_m2_2021_01,pbc_m2,2021-01,https://www.pbc.gov.cn/diaochatongjisi/116219/116225/de29861e7a2848368ce269dfc31e6be6/index.html,2026-09-04T13:10:18.597550+00:00,d035e332be31a9268dbe493b74cc5ceab5330f85b482de6c7057ed097c35f348,2021-02-09T08:00:20+00:00,minute,9.4,provisional_no_snapshot,ready
pbc_m2_2021_02,pbc_m2,2021-02,https://www.pbc.gov.cn/diaochatongjisi/116219/116225/e8f0ed951dcb44aca265fb31ff7eeff6/index.html,2026-09-04T13:10:18.827665+00:00,ec188bfeff3b263c1dd55a573b8dd3cc5682fc7b4b195a443e985a3a1f616630,2021-03-10T08:30:20+00:00,minute,10.1,provisional_no_snapshot,ready
pbc_m2_2021_03,pbc_m2,2021-03,https://www.pbc.gov.cn/diaochatongjisi/116219/116225/565787bbb7074e018bdee0080de52024/index.html,2026-09-04T13:10:19.022320+00:00,978f23e2ad659b46c7e3eebff16f752ef2eacf09f01cea9a33812a54e18dadbf,2021-04-12T08:00:31+00:00,minute,9.4,provisional_no_snapshot,ready
pbc_m2_2021_04,pbc_m2,2021-04,https://www.pbc.gov.cn/diaochatongjisi/116219/116225/11a114b756b34c2dbf62b7ccebf6f8a9/index.html,2026-09-04T13:10:19.233184+00:00,33d38b9c5e42d09dab058781deeb13353abd906af727c7175a1f402a6f4db40b,2021-05-12T08:30:25+00:00,minute,8.1,provisional_no_snapshot,ready
pbc_m2_2021_05,pbc_m2,2021-05,https://www.pbc.gov.cn/diaochatongjisi/116219/116225/8547a25bf7384b908b4679dd352cee24/index.html,2026-09-04T13:10:19.466545+00:00,f6b9871154561655045929e64b49ab32d969eac722b332ad28f642566a75d367,2021-06-10T08:00:27+00:00,minute,8.3,provisional_no_snapshot,ready
pbc_m2_2021_06,pbc_m2,2021-06,https://www.pbc.gov.cn/diaochatongjisi/116219/116225/d3af357ad35b4fb78426c435987af0aa/index.html,2026-09-04T13:10:19.653522+00:00,7ebf31bf81d02207f730e4684cf241ea02d18b5e1fefe9ded5bec3fc70bcf598,2021-07-09T09:00:29+00:00,minute,8.6,provisional_no_snapshot,ready
pbc_m2_2021_07,pbc_m2,2021-07,https://www.pbc.gov.cn/diaochatongjisi/116219/116225/cbf663c7555049f291d3f8e0e2bae83f/index.html,2026-09-04T13:10:19.876756+00:00,66bdf5389bb593133bdcbc219a1f55665a9a347a849a1e8aa247c08dd97b8818,2021-08-11T08:00:34+00:00,minute,8.3,provisional_no_snapshot,ready
pbc_m2_2021_08,pbc_m2,2021-08,https://www.pbc.gov.cn/diaochatongjisi/116219/116225/6ad95be1e9524d7f857544a295f07c82/index.html,2026-09-04T13:10:20.100788+00:00,6505e539411477fed090c4cfe0935f55aa8417126211bc21663af1f68f2f2cd6,2021-09-10T08:30:42+00:00,minute,8.2,provisional_no_snapshot,ready
pbc_m2_2021_09,pbc_m2,2021-09,https://www.pbc.gov.cn/diaochatongjisi/116219/116225/4eb6a532bbe14e14924f09dac64d6d0e/index.html,2026-09-04T13:10:20.298330+00:00,4ea50933a26bddb163d6f47fc5b372768575b647015ee3060deed0073746de2b,2021-10-13T09:00:36+00:00,minute,8.3,provisional_no_snapshot,ready
pbc_m2_2021_10,pbc_m2,2021-10,https://www.pbc.gov.cn/diaochatongjisi/116219/116225/49c49e1c0f3945a58821af20b1d49e7b/index.html,2026-09-04T13:10:20.502227+00:00,7db976d4b2f63bd6f6ab30890f2d0400dc1f5fb42169a1ac3d7716514146935a,2021-11-10T08:00:25+00:00,minute,8.7,provisional_no_snapshot,ready
pbc_m2_2021_11,pbc_m2,2021-11,https://www.pbc.gov.cn/diaochatongjisi/116219/116225/28034b83163d40d2bf5aacb2112e2062/index.html,2026-09-04T13:10:20.690132+00:00,1bd74a9ca3787ed3999f462fe9ab637354d30f06219277d8f2197561c2dde70e,2021-12-09T08:30:27+00:00,minute,8.5,provisional_no_snapshot,ready
pbc_m2_2021_12,pbc_m2,2021-12,https://www.pbc.gov.cn/diaochatongjisi/116219/116225/216996c140a74b30a2595ec8a8f58ce3/index.html,2026-09-04T13:10:20.925699+00:00,9d7bd56db49dab868961a33b8279a6aa2daf951a7ce2d32b19b749a47b4dcf2a,2022-01-12T08:30:29+00:00,minute,9.0,provisional_no_snapshot,ready
pbc_m2_2022_01,pbc_m2,2022-01,https://www.pbc.gov.cn/diaochatongjisi/116219/116225/03855a5cd8494b8fa37f81b058a844fd/index.html,2026-09-04T13:10:21.124384+00:00,9583455fddba859addbdafeebdf07e2a5c2ff689f67575cf1b575507ced96bdb,2022-02-10T10:00:30+00:00,minute,9.8,provisional_no_snapshot,ready
pbc_m2_2022_02,pbc_m2,2022-02,https://www.pbc.gov.cn/diaochatongjisi/116219/116225/f8157ada86814e82a99d8629e07e0cba/index.html,2026-09-04T13:10:21.346736+00:00,2c76ad6f8a0696b81acc93a0a0608c6933a26e3752afbb1821e07571ba601f5d,2022-03-11T08:00:32+00:00,minute,9.2,provisional_no_snapshot,ready
pbc_m2_2022_03,pbc_m2,2022-03,https://www.pbc.gov.cn/diaochatongjisi/116219/116225/b120f9b0d55f4bf995f9b77bcce41757/index.html,2026-09-04T13:10:21.547919+00:00,21358a98713acf4883f51ab9e00b4183afdb36d5b25ddfd3b77237d7de838dfa,2022-04-11T08:00:37+00:00,minute,9.7,provisional_no_snapshot,ready
pbc_m2_2022_04,pbc_m2,2022-04,https://www.pbc.gov.cn/diaochatongjisi/116219/116225/356bd109230b48ae9013b790520a3425/index.html,2026-09-04T13:10:21.748808+00:00,15f13e3181bf3be208a0a40ab43a8f3b4a649e1fd91f100b5ea814e5602b541b,2022-05-13T08:30:30+00:00,minute,10.5,provisional_no_snapshot,ready
pbc_m2_2022_05,pbc_m2,2022-05,https://www.pbc.gov.cn/diaochatongjisi/116219/116225/adc58e98876a43ac8f9a3f3ae9020178/index.html,2026-09-04T13:10:21.973467+00:00,008200a0241eae57d1cf508b33b72dfbce439a2292327be2b6554d9bd5e19ac0,2022-06-10T08:00:20+00:00,minute,11.1,provisional_no_snapshot,ready
pbc_m2_2022_06,pbc_m2,2022-06,https://www.pbc.gov.cn/diaochatongjisi/116219/116225/5e5f733aaa0f44228c7a1aa1d807871d/index.html,2026-09-04T13:10:22.204043+00:00,10aed68ddec3a0e78def8f85dd8add2ed004d02f3fef2821b3240aad91f8f840,2022-07-11T09:00:40+00:00,minute,11.4,provisional_no_snapshot,ready
pbc_m2_2022_07,pbc_m2,2022-07,https://www.pbc.gov.cn/diaochatongjisi/116219/116225/89a04f538b414573a827dd0666294e69/index.html,2026-09-04T13:10:22.396705+00:00,f8f203d70a57566ad11f64f849a602a5f669835c1fe21663a74d4aa76eb393ba,2022-08-12T10:00:20+00:00,minute,12.0,provisional_no_snapshot,ready
pbc_m2_2022_08,pbc_m2,2022-08,https://www.pbc.gov.cn/diaochatongjisi/116219/116225/b2dfd3ad0adc4d3ca62f1adacea5fc09/index.html,2026-09-04T13:10:22.621209+00:00,e96056f2f59b53ec243c879319c5d5981c06d67b6e170e0e4dd2af9fda1b6427,2022-09-09T08:00:40+00:00,minute,12.2,provisional_no_snapshot,ready
pbc_m2_2022_09,pbc_m2,2022-09,https://www.pbc.gov.cn/diaochatongjisi/116219/116225/fb30cb8791924291b5365d3e092bc803/index.html,2026-09-04T13:10:22.808922+00:00,3efa89b11f732297cfa98120c0f81bc1c22639fc65ea8d51324896701e415fb1,2022-10-11T12:30:40+00:00,minute,12.1,provisional_no_snapshot,ready
pbc_m2_2022_10,pbc_m2,2022-10,https://www.pbc.gov.cn/diaochatongjisi/116219/116225/e15a1be918ed495488bf16af0fb7214f/index.html,2026-09-04T13:10:23.022975+00:00,3902891b3302de8fff3cf3231be7e3e8175b230806798d4751ea279cb266f397,2022-11-10T10:15:00+00:00,minute,11.8,provisional_no_snapshot,ready
pbc_m2_2022_11,pbc_m2,2022-11,https://www.pbc.gov.cn/diaochatongjisi/116219/116225/a0e7f0189181456d9fcde9ee5e423584/index.html,2026-09-04T13:10:23.222172+00:00,6f919be1b766c93c38de5307c5130a640caf57084ff867fd25a2a418c40b8afd,2022-12-12T08:09:00+00:00,minute,12.4,provisional_no_snapshot,ready
pbc_m2_2022_12,pbc_m2,2022-12,https://www.pbc.gov.cn/diaochatongjisi/116219/116225/568387ff70be457590732b5e044f8e18/index.html,2026-09-04T13:10:23.416338+00:00,6061c0028cace705425b7b0d7b7f0075aca4e5e0ddc95042bb049367b2120ca1,2023-01-10T09:06:00+00:00,minute,11.8,provisional_no_snapshot,ready
pbc_m2_2023_01,pbc_m2,2023-01,https://www.pbc.gov.cn/diaochatongjisi/116219/116225/1421ef5774954fd795d2e2312daf0470/index.html,2026-09-04T13:10:23.659717+00:00,8779a48f0b358491bfc6045d9b076be06dacfbf3bf4afcd4fc6568de867d641d,2023-02-10T09:01:00+00:00,minute,12.6,provisional_no_snapshot,ready
pbc_m2_2023_02,pbc_m2,2023-02,https://www.pbc.gov.cn/diaochatongjisi/116219/116225/588b2401df5344f68b78d51b7396d743/index.html,2026-09-04T13:10:23.854709+00:00,806c03f7d9facde119c76b299408b7f5ee6ae537f9f36d778ecee2ac930b1ee0,2023-03-10T08:31:00+00:00,minute,12.9,provisional_no_snapshot,ready
pbc_m2_2023_03,pbc_m2,2023-03,https://www.pbc.gov.cn/diaochatongjisi/116219/116225/532709cd6dc346c6abd925556437511d/index.html,2026-09-04T13:10:24.068676+00:00,78235b37d49da0de67b734c2f4bde85f6f52b5da309849a793866206b2c7a9e9,2023-04-11T08:31:00+00:00,minute,12.7,provisional_no_snapshot,ready
pbc_m2_2023_04,pbc_m2,2023-04,https://www.pbc.gov.cn/diaochatongjisi/116219/116225/1bb8759c90de4353b2a93e00438375e3/index.html,2026-09-04T13:10:24.281217+00:00,a48db0d71709831a9292c6aa6e1684d7b34ab8b4efb509a8f17b7763015aad69,2023-05-11T08:01:00+00:00,minute,12.4,provisional_no_snapshot,ready
pbc_m2_2023_05,pbc_m2,2023-05,https://www.pbc.gov.cn/diaochatongjisi/116219/116225/0755aafdab32428daa12f2cf682c81ba/index.html,2026-09-04T13:10:24.496403+00:00,31c4d3f99601b711ef3772670e2aeb5d4bab0bf851e1d109b8f480892a4cec18,2023-06-13T08:01:05+00:00,minute,11.6,provisional_no_snapshot,ready
pbc_m2_2023_06,pbc_m2,2023-06,https://www.pbc.gov.cn/diaochatongjisi/116219/116225/33ed4f226f484e66a50446175026c639/index.html,2026-09-04T13:10:24.696747+00:00,633005d7cb86259172bca7fbdf4b19ce00eb676f6b65e06b87b1a7627a8c9038,2023-07-11T09:31:00+00:00,minute,11.3,provisional_no_snapshot,ready
pbc_m2_2023_07,pbc_m2,2023-07,https://www.pbc.gov.cn/diaochatongjisi/116219/116225/88fe2f6caa7d46e8ba029def777c7831/index.html,2026-09-04T13:10:24.886603+00:00,e61f59508c264b023ebe26eb07cbd7dbd71e51e7ef3006a94e84ffedc12d628e,2023-08-11T08:31:00+00:00,minute,10.7,provisional_no_snapshot,ready
pbc_m2_2023_08,pbc_m2,2023-08,https://www.pbc.gov.cn/diaochatongjisi/116219/116225/f30cb865aa774555bccb5ae49470007c/index.html,2026-09-04T13:10:25.117764+00:00,06afa7188db6d59cfa54b43a9fbfe44716f85e9641629e86002d3675a1a1a5be,2023-09-11T04:41:00+00:00,minute,10.6,provisional_no_snapshot,ready
pbc_m2_2023_09,pbc_m2,2023-09,https://www.pbc.gov.cn/diaochatongjisi/116219/116225/13726e91dd8d4423b12ec14955d6601a/index.html,2026-09-04T13:10:25.311515+00:00,69da8217eb1b5993021c1a94d7c17cfc32014523e6ca9e728a973d39480f5270,2023-10-13T08:01:00+00:00,minute,10.3,provisional_no_snapshot,ready
pbc_m2_2023_10,pbc_m2,2023-10,https://www.pbc.gov.cn/diaochatongjisi/116219/116225/8393556d383747a3bc6ad513618ae523/index.html,2026-09-04T13:10:25.506967+00:00,bdc8ad4a48e35e8d3d2d9eba9596a7223f7574fd7447b76d64d587becbf67425,2023-11-13T10:01:00+00:00,minute,10.3,provisional_no_snapshot,ready
pbc_m2_2023_11,pbc_m2,2023-11,https://www.pbc.gov.cn/diaochatongjisi/116219/116225/b21be1ab65c94424a612a7666d605a1b/index.html,2026-09-04T13:10:25.719702+00:00,3d5ff1cd071a9150b6eea9b70860700170ca962fa536d6641edf90304324e027,2023-12-13T09:01:00+00:00,minute,10.0,provisional_no_snapshot,ready
pbc_m2_2023_12,pbc_m2,2023-12,https://www.pbc.gov.cn/diaochatongjisi/116219/116225/1a6fe9c99e0b4b3ba35bbd038ef8535c/index.html,2026-09-04T13:10:25.914377+00:00,6ea1bc81cd6df9e4d63e35575ddef81ffbd4c618dc4c4d7b4ddde568c5d978cb,2024-01-12T09:36:00+00:00,minute,9.7,provisional_no_snapshot,ready
pbc_m2_2024_01,pbc_m2,2024-01,https://www.pbc.gov.cn/diaochatongjisi/116219/116225/a46e2ace126b4c4391b512bf4bde01f9/index.html,2026-09-04T13:10:26.166695+00:00,1fc855817f7e1676ab49ab3b3b43cfb42e125ec5542387a87bfdd21b6fe9feb4,2024-02-09T07:00:30+00:00,minute,8.7,provisional_no_snapshot,ready
pbc_m2_2024_02,pbc_m2,2024-02,https://www.pbc.gov.cn/diaochatongjisi/116219/116225/92d0ec2dadd140219750ffd27571ca1a/index.html,2026-09-04T13:10:26.354951+00:00,8c7fa06c588887b088a8b82c254e112744f8c3f7058061bc08f5fa156bc3f2e6,2024-03-15T08:31:00+00:00,minute,8.7,provisional_no_snapshot,ready
pbc_m2_2024_03,pbc_m2,2024-03,https://www.pbc.gov.cn/diaochatongjisi/116219/116225/5e836772302043d99354efa62c01029d/index.html,2026-09-04T13:10:26.545553+00:00,de360412abe85b7c6ec3b39f0236b713afbb5c91f1d3210e5fb9fe4a8d7814a2,2024-04-12T10:44:00+00:00,minute,8.3,provisional_no_snapshot,ready
pbc_m2_2024_04,pbc_m2,2024-04,https://www.pbc.gov.cn/diaochatongjisi/116219/116225/755eb247554443c3aea852f0f11546a2/index.html,2026-09-04T13:10:26.764229+00:00,6bfbeab346d36b1823018407f581e675c6b9845afe4dc03a98a273771d93aa43,2024-05-11T09:01:00+00:00,minute,7.2,provisional_no_snapshot,ready
pbc_m2_2024_05,pbc_m2,2024-05,https://www.pbc.gov.cn/diaochatongjisi/116219/116225/b59c04b2e581418f9109dcdff76de699/index.html,2026-09-04T13:10:26.959407+00:00,c0a4cda42f7d42b3e0cc0ee9ea0560c9eb02760d313a4e1529c987bb6719e63c,2024-06-14T09:01:00+00:00,minute,7.0,provisional_no_snapshot,ready
pbc_m2_2024_06,pbc_m2,2024-06,https://www.pbc.gov.cn/diaochatongjisi/116219/116225/25bd40fd26ae4b1488369f7df33ffc94/index.html,2026-09-04T13:10:27.214559+00:00,1eb7aa1eab315a47fd50b554aaddf00aba969ddca0c4ece042b5bc26ecff2858,2024-07-12T09:01:00+00:00,minute,6.2,provisional_no_snapshot,ready
pbc_m2_2024_07,pbc_m2,2024-07,https://www.pbc.gov.cn/diaochatongjisi/116219/116225/8980a8a6f1414f649d3443cc09352c2b/index.html,2026-09-04T13:10:27.389190+00:00,8658c76f6a2746ed12f3c570f5250bbabef62ba180ff042f336d3241f94be03b,2024-08-13T09:01:00+00:00,minute,6.3,provisional_no_snapshot,ready
pbc_m2_2024_08,pbc_m2,2024-08,https://www.pbc.gov.cn/diaochatongjisi/116219/116225/41425ee3179143a29c4656e31b6df3d8/index.html,2026-09-04T13:10:27.576074+00:00,6a73b31453129d53f6aedaa6fc11c78e856904665fa7f275367a9530d0ce30f8,2024-09-13T11:26:00+00:00,minute,6.3,provisional_no_snapshot,ready
pbc_m2_2024_09,pbc_m2,2024-09,https://www.pbc.gov.cn/diaochatongjisi/116219/116225/02a6abaaea894de8b591846e295826e6/index.html,2026-09-04T13:10:27.832116+00:00,56defe8d4373b64d43bb57b54ebce1ef7adc308cb07bd8d9953c3e0b1a7a1bc5,2024-10-14T09:00:50+00:00,minute,6.8,provisional_no_snapshot,ready
pbc_m2_2024_10,pbc_m2,2024-10,https://www.pbc.gov.cn/diaochatongjisi/116219/116225/6a9d1d8c3460445bb190bff0d58e4484/index.html,2026-09-04T13:10:28.022256+00:00,5beb398f6e37c20312003b6fb85f914d90c3a390d769e90e8161914d245c465a,2024-11-11T08:30:38+00:00,minute,7.5,provisional_no_snapshot,ready
pbc_m2_2024_11,pbc_m2,2024-11,https://www.pbc.gov.cn/diaochatongjisi/116219/116225/6bfd794fa2a0407d9a1dbddb6fa3f77f/index.html,2026-09-04T13:10:28.262990+00:00,5ef05d405e9a4e6af58c98389360912d0087e57d5cf1d1afa0fbfe013070a6ab,2024-12-13T11:00:38+00:00,minute,7.1,provisional_no_snapshot,ready
pbc_m2_2024_12,pbc_m2,2024-12,https://www.pbc.gov.cn/diaochatongjisi/116219/116225/5fb867cbec1b4772b8f6f98b5d0ede52/index.html,2026-09-04T13:10:28.463216+00:00,2e77920bd183a9099e0939cb011ac3d9a09924be1fdc06add914a18e258db264,2025-01-14T07:08:00+00:00,minute,7.3,provisional_no_snapshot,ready
pbc_m2_2025_01,pbc_m2,2025-01,,,,,,,provisional_no_snapshot,missing_source
pbc_m2_2025_02,pbc_m2,2025-02,https://www.pbc.gov.cn/diaochatongjisi/116219/116225/2025080618505068053/index.html,2026-09-04T13:10:28.787944+00:00,099bef22626630ef7b93129bc02d02119f5cf23423d1e5c8352b07d6e3c16e80,2025-03-14T09:00:31+00:00,minute,7.0,provisional_no_snapshot,ready
pbc_m2_2025_03,pbc_m2,2025-03,https://www.pbc.gov.cn/diaochatongjisi/116219/116225/2025080618505039987/index.html,2026-09-04T13:10:28.970157+00:00,6d3500a14c1602edcaace8469e0018485714a6c7931bbcbc53ff82c176b69f17,2025-04-13T09:00:26+00:00,minute,7.0,provisional_no_snapshot,ready
pbc_m2_2025_04,pbc_m2,2025-04,https://www.pbc.gov.cn/diaochatongjisi/116219/116225/2025080618505010475/index.html,2026-09-04T13:10:29.158307+00:00,54e2d8a768f0e9f16abf1e82ef8a5d3acbc3373434fa389a10a432913ab5fd98,2025-05-14T09:00:31+00:00,minute,8.0,provisional_no_snapshot,ready
pbc_m2_2025_05,pbc_m2,2025-05,https://www.pbc.gov.cn/diaochatongjisi/116219/116225/2025080618505081124/index.html,2026-09-04T13:10:29.422691+00:00,5f4a4e3ac36cae871ab683de3e067abd98d3640fbeadb24bcce60c74c39d5eed,2025-06-13T08:30:32+00:00,minute,7.9,provisional_no_snapshot,ready
pbc_m2_2025_06,pbc_m2,2025-06,https://www.pbc.gov.cn/diaochatongjisi/116219/116225/2025080618505071886/index.html,2026-09-04T13:10:29.608356+00:00,cf31e072f283a84717a8e63bdb22ef47a229e82d378e829d7bc13bc55481f96f,2025-07-14T07:00:34+00:00,minute,8.3,provisional_no_snapshot,ready
pbc_m2_2025_07,pbc_m2,2025-07,https://www.pbc.gov.cn/diaochatongjisi/116219/116225/2972dbe4d53540e5a9d0b5781c71480d/index.html,2026-09-04T13:10:29.836229+00:00,910cd3161aa2c0af086e00f820366878366269db4bee55a9064cb5fd8099f95b,2025-08-13T09:00:28+00:00,minute,8.8,provisional_no_snapshot,ready
pbc_m2_2025_08,pbc_m2,2025-08,https://www.pbc.gov.cn/diaochatongjisi/116219/116225/e3120f58ec724fe1811d9dadf67232d2/index.html,2026-09-04T13:10:30.004023+00:00,a3e044cb1cb5c2d4e548339b355449e7b0871eb8f3e87c150024a30fc3363482,2025-09-12T09:00:31+00:00,minute,8.8,provisional_no_snapshot,ready
pbc_m2_2025_09,pbc_m2,2025-09,https://www.pbc.gov.cn/diaochatongjisi/116219/116225/dded7449c74144a19171f582bec9ed36/index.html,2026-09-04T13:10:30.146509+00:00,b3c5ecfe4fb6599279e3401b3ce0ef25dc5745a8f77cff7e84c9a14e1a4cd157,2025-10-15T09:00:03+00:00,minute,8.4,provisional_no_snapshot,ready
pbc_m2_2025_10,pbc_m2,2025-10,https://www.pbc.gov.cn/diaochatongjisi/116219/116225/f294561578884c22878d115780ba7c08/index.html,2026-09-04T13:10:30.361053+00:00,72d75cc14f8c6e7649d2deaec386b6b8252aeb8232a0e3586cdcffc365b3778a,2025-11-13T09:00:19+00:00,minute,8.2,provisional_no_snapshot,ready
pbc_m2_2025_11,pbc_m2,2025-11,https://www.pbc.gov.cn/diaochatongjisi/116219/116225/2025121217132789688/index.html,2026-09-04T13:10:30.552713+00:00,86dac86009ce1615c6cec1293dbf036603fbd6fdf0f52417e1fb9fcb0902089f,2025-12-12T09:00:01+00:00,minute,8.0,provisional_no_snapshot,ready
pbc_m2_2025_12,pbc_m2,2025-12,https://www.pbc.gov.cn/diaochatongjisi/116219/116225/2026011515015720511/index.html,2026-09-04T13:10:30.742288+00:00,47761677bcf626cfe3ab7ab444940e9c0bdcb4326621edfe7e4e54192ee0bb33,2026-01-15T06:59:40+00:00,minute,8.5,provisional_no_snapshot,ready
