record_id,source_id,title,period_end,published_at,publication_time_precision,index_url,document_url,expected_document_sha256,availability_evidence,historical_snapshot_url,historical_snapshot_sha256
pboc_mpr_2018_q1,pboc_mpr,China Monetary Policy Report 2018 Q1,2018-03-31,2018-05-11T21:09:24+08:00,second,https://www.pbc.gov.cn/zhengcehuobisi/125207/125227/125957/3537682/53003f83ca094cbbab9a5c6440dd148e/index.html,https://www.pbc.gov.cn/zhengcehuobisi/125207/125227/125957/3537682/53003f83ca094cbbab9a5c6440dd148e/2018051717143540409.pdf,2198ecbc7871f7539fd21f53fdfe18f535c2b0fadba9a66be6d63cbc848493a5,official_timestamped_index,,
pboc_mpr_2018_q2,pboc_mpr,China Monetary Policy Report 2018 Q2,2018-06-30,2018-08-10T21:35:21+08:00,second,https://www.pbc.gov.cn/zhengcehuobisi/125207/125227/125957/3537682/5dad7896c1c945c5be61518cb4a06605/index.html,https://www.pbc.gov.cn/zhengcehuobisi/125207/125227/125957/3537682/5dad7896c1c945c5be61518cb4a06605/2018081021363898908.pdf,805c74a9fb8248b06a63872348d2361e0f0ea709551fd4beafd8ec7e9bbaee2a,official_timestamped_index,,
pboc_mpr_2018_q3,pboc_mpr,China Monetary Policy Report 2018 Q3,2018-09-30,2018-11-09T22:15:03+08:00,second,https://www.pbc.gov.cn/zhengcehuobisi/125207/125227/125957/3537682/2f27ca9be95f415ab75e6f597b93e167/index.html,https://www.pbc.gov.cn/zhengcehuobisi/125207/125227/125957/3537682/2f27ca9be95f415ab75e6f597b93e167/2018110922231961722.pdf,afa5fe5cfe20f4efd491c70e72ff9e32325a6a404e682cbe562bc9d98e005e92,official_timestamped_index,,
pboc_mpr_2018_q4,pboc_mpr,China Monetary Policy Report 2018 Q4,2018-12-31,2019-02-21T19:42:13+08:00,second,https://www.pbc.gov.cn/zhengcehuobisi/125207/125227/125957/3537682/f8d2bf5c14f940bcb7c8bf81df786d89/index.html,https://www.pbc.gov.cn/zhengcehuobisi/125207/125227/125957/3537682/f8d2bf5c14f940bcb7c8bf81df786d89/2019022119340790088.pdf,31c9431a70f90bcdda609425e6fa78cd15081037fdc295881084273597eef406,official_timestamped_index,,
pboc_mpr_2019_q1,pboc_mpr,China Monetary Policy Report 2019 Q1,2019-03-31,2019-05-17T20:24:55+08:00,second,https://www.pbc.gov.cn/zhengcehuobisi/125207/125227/125957/3830536/e0d70bbde6d34378bde1fcc3713126ec/index.html,https://www.pbc.gov.cn/zhengcehuobisi/125207/125227/125957/3830536/e0d70bbde6d34378bde1fcc3713126ec/2019051720074058265.pdf,aa18fa8ed4bf330475816864b08ff65f27e9a68c7ba72b0ae5cde261ad4ec563,official_timestamped_index,,
pboc_mpr_2019_q2,pboc_mpr,China Monetary Policy Report 2019 Q2,2019-06-30,2019-08-09T21:52:59+08:00,second,https://www.pbc.gov.cn/zhengcehuobisi/125207/125227/125957/3830536/51f3cba3238746d6bce56101159d931e/index.html,https://www.pbc.gov.cn/zhengcehuobisi/125207/125227/125957/3830536/51f3cba3238746d6bce56101159d931e/2019080921013757815.pdf,542cc6789a326549a584f1820986117707cf842657cf5f2c8b2110247c32046d,official_timestamped_index,,
pboc_mpr_2019_q3,pboc_mpr,China Monetary Policy Report 2019 Q3,2019-09-30,2019-11-16T09:00:00+08:00,second,https://www.pbc.gov.cn/zhengcehuobisi/125207/125227/125957/3830536/ed13cc6378964d7eb67a85649b922cd4/index.html,https://www.pbc.gov.cn/zhengcehuobisi/125207/125227/125957/3830536/ed13cc6378964d7eb67a85649b922cd4/2019111521260575804.pdf,13158a5878bdf0cc317118decefb61b31686010f73ee391c55932db9ba00cf16,official_timestamped_index,,
pboc_mpr_2019_q4,pboc_mpr,China Monetary Policy Report 2019 Q4,2019-12-31,2020-02-19T20:29:12+08:00,second,https://www.pbc.gov.cn/zhengcehuobisi/125207/125227/125957/3830536/0ed8aaed01074d00a1403e21613d1b8e/index.html,https://www.pbc.gov.cn/goutongjiaoliu/113456/113469/3974306/2020021915550328541.pdf,e5df0ac4843a17a2e686514a764b8c0be7e33c9664b085ca69e847f7c7a6f825,official_timestamped_index,,
pboc_mpr_2020_q1,pboc_mpr,China Monetary Policy Report 2020 Q1,2020-03-31,2020-05-10T09:00:20+08:00,second,https://www.pbc.gov.cn/zhengcehuobisi/125207/125227/125957/4021036/bf7154524a46409f866ef725fabee702/index.html,https://www.pbc.gov.cn/zhengcehuobisi/125207/125227/125957/4021036/bf7154524a46409f866ef725fabee702/2020050922062289404.pdf,8fa2bb148ab854961dc6d54cb3ea32b0f0ce6ad8ad88e8a254ee9ab7e7ea1034,official_timestamped_index,,
pboc_mpr_2020_q2,pboc_mpr,China Monetary Policy Report 2020 Q2,2020-06-30,2020-08-06T18:01:45+08:00,second,https://www.pbc.gov.cn/zhengcehuobisi/125207/125227/125957/4021036/c4d5506cdc934984b4507cce3a9d6ae4/index.html,https://www.pbc.gov.cn/zhengcehuobisi/125207/125227/125957/4021036/c4d5506cdc934984b4507cce3a9d6ae4/2020080617373334147.pdf,cc1dd16690d87e34051e3265cb5bdf1ae8da6d534b90f18170ca4a8402a0c128,official_timestamped_index,,
pboc_mpr_2020_q3,pboc_mpr,China Monetary Policy Report 2020 Q3,2020-09-30,2020-11-26T17:00:36+08:00,second,https://www.pbc.gov.cn/zhengcehuobisi/125207/125227/125957/4021036/d929ef3e77c149d5adf1c87316825101/index.html,https://www.pbc.gov.cn/zhengcehuobisi/125207/125227/125957/4021036/d929ef3e77c149d5adf1c87316825101/2020112615473038246.pdf,a1d75d96fe0dfc0ec26fdb039ad60739fa3835037d903e75a1f5b4b75edb7c0f,official_timestamped_index,,
pboc_mpr_2020_q4,pboc_mpr,China Monetary Policy Report 2020 Q4,2020-12-31,2021-02-08T22:20:39+08:00,second,https://www.pbc.gov.cn/zhengcehuobisi/125207/125227/125957/4021036/8d39aa9d730046c896289d17c09346d2/index.html,https://www.pbc.gov.cn/zhengcehuobisi/125207/125227/125957/4021036/8d39aa9d730046c896289d17c09346d2/2021020821282167078.pdf,54c3215d99b1a07c59115182e5ae630857936d367b2c397805fbe23ca8aaf295,official_timestamped_index,,
pboc_mpr_2021_q1,pboc_mpr,China Monetary Policy Report 2021 Q1,2021-03-31,2021-05-11T18:56:38+08:00,second,https://www.pbc.gov.cn/zhengcehuobisi/125207/125227/125957/4246985/f13557ddebc344d2951a8c6b24a1ad1b/index.html,https://www.pbc.gov.cn/zhengcehuobisi/125207/125227/125957/4246985/f13557ddebc344d2951a8c6b24a1ad1b/2021051118023165538.pdf,647831f08e3308dfa159d6b2c533db3c68f878779dfce13507b3e74b99f7e7b0,official_timestamped_index,,
pboc_mpr_2021_q2,pboc_mpr,China Monetary Policy Report 2021 Q2,2021-06-30,2021-08-09T18:13:50+08:00,second,https://www.pbc.gov.cn/zhengcehuobisi/125207/125227/125957/4246985/66040539e54c43e7b1f636a0f9e72ac5/index.html,https://www.pbc.gov.cn/goutongjiaoliu/fileDir/resource/cms/2021/08/2021081015495988989.pdf,ab88c6ebd9448b079d84e34b07e3e278e59b4d2d3c6fc5da26a5b6ccd8f45fa6,official_timestamped_index,,
pboc_mpr_2021_q3,pboc_mpr,China Monetary Policy Report 2021 Q3,2021-09-30,2021-11-19T19:54:16+08:00,second,https://www.pbc.gov.cn/zhengcehuobisi/125207/125227/125957/4246985/a44fb8cdcea94ddbaa661a88938b5337/index.html,https://www.pbc.gov.cn/zhengcehuobisi/125207/125227/125957/4246985/a44fb8cdcea94ddbaa661a88938b5337/2021111919371343936.pdf,5060c4377a5ea71f3993a54c5cb4bbcb77b801b8c67dab7575bbe17f2acfa20a,official_timestamped_index,,
pboc_mpr_2021_q4,pboc_mpr,China Monetary Policy Report 2021 Q4,2021-12-31,2022-02-11T19:33:17+08:00,second,https://www.pbc.gov.cn/zhengcehuobisi/125207/125227/125957/4246985/75d90372c9174bde9287c2c30935b477/index.html,https://www.pbc.gov.cn/zhengcehuobisi/125207/125227/125957/4246985/75d90372c9174bde9287c2c30935b477/2022021119311841777.pdf,357a207ab30677ae9dab439d44a3b1207a681895f93f30a0b71902ed1604e050,official_timestamped_index,,
pboc_mpr_2022_q1,pboc_mpr,China Monetary Policy Report 2022 Q1,2022-03-31,2022-05-09T17:30:20+08:00,second,https://www.pbc.gov.cn/zhengcehuobisi/125207/125227/125957/4584071/b455ea168faa400199173a3f02bd2db1/index.html,https://www.pbc.gov.cn/zhengcehuobisi/125207/125227/125957/4584071/b455ea168faa400199173a3f02bd2db1/2022050917023223026.pdf,ab7d65c04b398fcada79677485cec9cf5a5416b05a1df506319c427fac7549e5,official_timestamped_index,,
pboc_mpr_2022_q2,pboc_mpr,China Monetary Policy Report 2022 Q2,2022-06-30,2022-08-10T18:00:15+08:00,second,https://www.pbc.gov.cn/zhengcehuobisi/125207/125227/125957/4584071/2605ad0a2ae24eae961851ce56cce8f9/index.html,https://www.pbc.gov.cn/zhengcehuobisi/125207/125227/125957/4584071/2605ad0a2ae24eae961851ce56cce8f9/2022081019122441515.pdf,aec3cfd9f85e070d4a9a5357e88d348051a2b67a26f10d4aee28090ca3339bb6,official_timestamped_index,,
pboc_mpr_2022_q3,pboc_mpr,China Monetary Policy Report 2022 Q3,2022-09-30,2022-11-16T20:07:00+08:00,second,https://www.pbc.gov.cn/zhengcehuobisi/125207/125227/125957/4584071/41e6caf3396f4e96b37f400bfa148b6d/index.html,https://www.pbc.gov.cn/zhengcehuobisi/125207/125227/125957/4584071/41e6caf3396f4e96b37f400bfa148b6d/2022111619490056498.pdf,80709b6c4572a78351347a7553207a5a8283d76965c2e3ef7c8048712a7f9c0b,official_timestamped_index,,
pboc_mpr_2022_q4,pboc_mpr,China Monetary Policy Report 2022 Q4,2022-12-31,2023-02-24T18:32:30+08:00,second,https://www.pbc.gov.cn/zhengcehuobisi/125207/125227/125957/4584071/d7e45aa7d98c4664a9a6c2393d16787d/index.html,https://www.pbc.gov.cn/zhengcehuobisi/125207/125227/125957/4584071/d7e45aa7d98c4664a9a6c2393d16787d/2023022418125754970.pdf,4a72a20428f8cf29dc76ccab5420d910a59f236d209ad55c3f9ecc01faa9afe7,official_timestamped_index,,
pboc_mpr_2023_q1,pboc_mpr,China Monetary Policy Report 2023 Q1,2023-03-31,2023-05-15T17:00:30+08:00,second,https://www.pbc.gov.cn/zhengcehuobisi/125207/125227/125957/4883187/487332be0c8c434aa096b8f5b8c9d66d/index.html,https://www.pbc.gov.cn/zhengcehuobisi/125207/125227/125957/4883187/487332be0c8c434aa096b8f5b8c9d66d/2023051516242315765.pdf,8dbf9088eb5e9c22d0dfe037deaf0979dd7c57c3683fa593f4832c3b210aca9d,official_timestamped_index,,
pboc_mpr_2023_q2,pboc_mpr,China Monetary Policy Report 2023 Q2,2023-06-30,2023-08-17T17:34:30+08:00,second,https://www.pbc.gov.cn/zhengcehuobisi/125207/125227/125957/4883187/e6dc129d48d9474cb6455691eee05766/index.html,https://www.pbc.gov.cn/zhengcehuobisi/125207/125227/125957/4883187/e6dc129d48d9474cb6455691eee05766/2023081717054357626.pdf,2429b7cc003fcea3aacf1b107529e0c37c10cde4c6b08cfa92354df09e9198fa,official_timestamped_index,,
pboc_mpr_2023_q3,pboc_mpr,China Monetary Policy Report 2023 Q3,2023-09-30,2023-11-27T19:50:30+08:00,second,https://www.pbc.gov.cn/zhengcehuobisi/125207/125227/125957/4883187/1f14dbe28ec4408cbf45cee06f86808a/index.html,https://www.pbc.gov.cn/zhengcehuobisi/125207/125227/125957/4883187/1f14dbe28ec4408cbf45cee06f86808a/2023112817393565251.pdf,60ad3e29e905a9f405e70733cb1ddeffa41fdcc6b9dcbe962e462b2422a2d455,official_timestamped_index,,
pboc_mpr_2023_q4,pboc_mpr,China Monetary Policy Report 2023 Q4,2023-12-31,2024-02-08T18:19:21+08:00,second,https://www.pbc.gov.cn/zhengcehuobisi/125207/125227/125957/4883187/cd2196ad2fdf454a9207100c4acff45e/index.html,https://www.pbc.gov.cn/zhengcehuobisi/125207/125227/125957/4883187/cd2196ad2fdf454a9207100c4acff45e/2024030610591528512.pdf,c34996250367ae9535c0bb0992f5a048c81e3bc42976ae445950fadde77b6969,official_timestamped_index,,
pboc_mpr_2024_q1,pboc_mpr,China Monetary Policy Report 2024 Q1,2024-03-31,2024-05-10T20:17:00+08:00,second,https://www.pbc.gov.cn/zhengcehuobisi/125207/125227/125957/5347949/4fcccad1c1b342c18c1832aa7469cac1/index.html,https://www.pbc.gov.cn/zhengcehuobisi/125207/125227/125957/5347949/4fcccad1c1b342c18c1832aa7469cac1/2024051109091110942.pdf,47f20faeab5f882c80cd1f2b8219faf09f7d0c35e86c7218c0d85c219d61d5d9,official_timestamped_index,,
pboc_mpr_2024_q2,pboc_mpr,China Monetary Policy Report 2024 Q2,2024-06-30,2024-08-09T18:34:00+08:00,second,https://www.pbc.gov.cn/zhengcehuobisi/125207/125227/125957/5347949/2025100917195573922/index.html,https://www.pbc.gov.cn/zhengcehuobisi/125207/125227/125957/5347949/2025100917195573922/2025081217013923839.pdf,5dd608c82394892c32a5d0d1d78fef401f3595e8122d6a0d6cfe4652c17101d2,official_timestamped_index,,
pboc_mpr_2024_q3,pboc_mpr,China Monetary Policy Report 2024 Q3,2024-09-30,2024-11-08T17:01:00+08:00,second,https://www.pbc.gov.cn/zhengcehuobisi/125207/125227/125957/5347949/afbfa5df25ee45889d916a2819b60a43/index.html,https://www.pbc.gov.cn/zhengcehuobisi/125207/125227/125957/5347949/afbfa5df25ee45889d916a2819b60a43/2024110815410752868.pdf,f8ee17abecc3b628f99c8d87b7867a6eb355f55c4e646854b2472b397da95481,official_timestamped_index,,
pboc_mpr_2024_q4,pboc_mpr,China Monetary Policy Report 2024 Q4,2024-12-31,2025-02-13T17:05:21+08:00,second,https://www.pbc.gov.cn/zhengcehuobisi/125207/125227/125957/5347949/ad0bc3efe0234fed8cc6260a134a6e95/index.html,https://www.pbc.gov.cn/zhengcehuobisi/125207/125227/125957/5347949/ad0bc3efe0234fed8cc6260a134a6e95/2025022618190099812.pdf,1a642956b21b758c04ae002a2eda12e12d64a4c00ff7a2e39201e75e9ba73ea3,official_timestamped_index,,
pboc_mpr_2025_q1,pboc_mpr,China Monetary Policy Report 2025 Q1,2025-03-31,2025-05-09T17:40:30+08:00,second,https://www.pbc.gov.cn/zhengcehuobisi/125207/125227/125957/f5c4690f2cbd40918bf24c2d39ac58af/2025091218344076234/index.html,https://www.pbc.gov.cn/zhengcehuobisi/125207/125227/125957/f5c4690f2cbd40918bf24c2d39ac58af/2025091218344076234/2025081517321679368.pdf,ca0d0af85241dbde98f21bc9442120fe2c4bd944999555ac27668c4277d26408,official_timestamped_index,,
pboc_mpr_2025_q2,pboc_mpr,China Monetary Policy Report 2025 Q2,2025-06-30,2025-08-15T18:00:29+08:00,second,https://www.pbc.gov.cn/zhengcehuobisi/125207/125227/125957/f5c4690f2cbd40918bf24c2d39ac58af/b3e8c1a2b07d4facb38f4a7426415252/index.html,https://www.pbc.gov.cn/zhengcehuobisi/125207/125227/125957/f5c4690f2cbd40918bf24c2d39ac58af/b3e8c1a2b07d4facb38f4a7426415252/2025081819132397368.pdf,6c456ec683bb622c61eafbad95da6125739f739a0432e31156f61dbdbaea7fb2,official_timestamped_index,,
pboc_mpr_2025_q3,pboc_mpr,China Monetary Policy Report 2025 Q3,2025-09-30,2025-11-11T17:00:27+08:00,second,https://www.pbc.gov.cn/zhengcehuobisi/125207/125227/125957/f5c4690f2cbd40918bf24c2d39ac58af/2025111413250965929/index.html,https://www.pbc.gov.cn/zhengcehuobisi/125207/125227/125957/f5c4690f2cbd40918bf24c2d39ac58af/2025111413250965929/2025111111175096136.pdf,9dcadcf181f1c8333e6493151d6893fcf8da50b03e5fa2bf195336b8dd8637b0,official_timestamped_index,,
pboc_mpr_2025_q4,pboc_mpr,China Monetary Policy Report 2025 Q4,2025-12-31,2026-02-10T19:23:18+08:00,second,https://www.pbc.gov.cn/zhengcehuobisi/125207/125227/125957/f5c4690f2cbd40918bf24c2d39ac58af/2026040808591661338/index.html,https://www.pbc.gov.cn/goutongjiaoliu/attachDir/2026/02/2026021019001885059.pdf,1406e9f5aee0667643dd7fadb9b88a3fc98a38eb4b49ad9bca2bb3d1b1ccf751,official_timestamped_index,,
